order_id,user_id,item_sequence,timestamp
ORD00001,U0014,I0003|I0009|I0010,2024-09-10 18:18:42
ORD00002,U0214,I0184|I0172|I0181,2024-10-23 10:04:30
ORD00003,U0186,I0607|I0597|I0605,2024-09-23 13:44:15
ORD00004,U0062,I0375|I0366|I0372,2024-08-13 06:20:46
ORD00005,U0237,I0125|I0131,2024-05-20 13:58:14
ORD00006,U0183,I0052|I0053,2024-07-18 08:40:58
ORD00007,U0094,I0106|I0099|I0109,2024-12-04 11:54:33
ORD00008,U0155,I0270|I0277,2024-02-07 15:22:55
ORD00009,U0074,I0003|I0008|I0011,2024-06-09 12:58:01
ORD00010,U0084,I0099|I0100|I0103,2024-11-04 20:39:54
ORD00011,U0270,I0544|I0553,2024-06-27 21:07:25
ORD00012,U0068,I0029|I0019|I0025,2024-11-13 13:38:09
ORD00013,U0268,I0335|I0338|I0344,2024-11-12 07:08:51
ORD00014,U0073,I0220|I0224,2024-01-31 13:48:04
ORD00015,U0058,I0067|I0070|I0072,2024-03-17 07:50:26
ORD00016,U0263,I0595|I0601|I0603,2024-01-26 11:00:12
ORD00017,U0050,I0111|I0123,2024-03-12 18:01:29
ORD00018,U0047,I0142|I0147|I0155,2024-05-16 08:32:20
ORD00019,U0124,I0525|I0517|I0527,2024-07-24 09:12:03
ORD00020,U0145,I0160|I0170,2024-10-08 07:13:45
ORD00021,U0259,I0487|I0488,2024-06-19 18:06:57
ORD00022,U0093,I0352|I0354|I0356|I0357,2024-06-07 07:20:07
ORD00023,U0064,I0469|I0474|I0477,2024-09-30 10:46:05
ORD00024,U0021,I0079|I0087,2024-04-20 13:47:00
ORD00025,U0160,I0456|I0459|I0462,2024-03-14 20:57:12
ORD00026,U0244,I0367|I0371|I0372,2024-06-02 13:42:02
ORD00027,U0044,I0113|I0117|I0120,2024-02-09 18:57:09
ORD00028,U0087,I0065|I0070,2024-03-18 16:25:27
ORD00029,U0063,I0222|I0225|I0233,2024-10-20 19:41:15
ORD00030,U0205,I0361|I0352|I0359,2024-04-18 08:29:56
ORD00031,U0056,I0113|I0115,2024-09-01 21:01:32
ORD00032,U0051,I0051|I0053|I0062,2024-05-28 17:20:52
ORD00033,U0079,I0313|I0302|I0316,2024-11-03 13:18:32
ORD00034,U0255,I0510|I0502|I0508,2024-01-07 22:02:59
ORD00035,U0221,I0112|I0116,2024-06-20 13:02:20
ORD00036,U0091,I0561|I0569,2024-03-04 13:08:06
ORD00037,U0160,I0390|I0383|I0389,2024-07-09 18:43:31
ORD00038,U0277,I0589|I0578|I0585,2024-05-31 10:37:15
ORD00039,U0194,I0627|I0635,2024-01-24 02:02:46
ORD00040,U0066,I0368|I0369,2024-10-24 20:21:30
ORD00041,U0195,I0107|I0098|I0104,2024-01-22 18:15:42
ORD00042,U0121,I0313|I0304|I0315,2024-05-11 08:34:23
ORD00043,U0167,I0045|I0037|I0043,2024-12-16 13:01:55
ORD00044,U0241,I0597|I0601|I0605,2024-05-31 12:06:01
ORD00045,U0251,I0096|I0104,2024-07-11 14:48:19
ORD00046,U0174,I0169|I0159|I0170,2024-07-11 17:50:32
ORD00047,U0039,I0546|I0549|I0553,2024-08-10 12:14:01
ORD00048,U0048,I0597|I0601|I0603,2024-08-07 19:30:39
ORD00049,U0219,I0204|I0211,2024-11-15 11:51:12
ORD00050,U0154,I0434|I0443,2024-06-09 12:39:19
ORD00051,U0264,I0472|I0476,2024-12-08 01:45:04
ORD00052,U0265,I0184|I0175|I0187,2024-12-29 17:51:29
ORD00053,U0223,I0574|I0587,2024-03-18 12:09:30
ORD00054,U0124,I0142|I0149,2024-06-08 11:53:10
ORD00055,U0033,I0206|I0210|I0217,2024-04-09 18:15:21
ORD00056,U0208,I0235|I0239|I0242,2024-11-05 19:29:44
ORD00057,U0249,I0562|I0566|I0564|I0567,2024-03-02 10:01:43
ORD00058,U0133,I0266|I0278,2024-11-27 04:46:18
ORD00059,U0249,I0017|I0023|I0027,2024-04-25 20:57:01
ORD00060,U0209,I0364|I0373,2024-11-22 18:08:03
ORD00061,U0121,I0121|I0114|I0124,2024-07-11 20:15:34
ORD00062,U0063,I0321|I0325,2024-11-08 19:15:17
ORD00063,U0217,I0205|I0209|I0213,2024-06-19 12:55:27
ORD00064,U0029,I0509|I0500|I0508,2024-06-13 13:15:41
ORD00065,U0143,I0142|I0146,2024-01-09 17:57:33
ORD00066,U0018,I0049|I0058,2024-08-02 12:40:50
ORD00067,U0186,I0121|I0113|I0119,2024-01-04 21:25:02
ORD00068,U0131,I0303|I0308|I0310,2024-11-29 20:58:40
ORD00069,U0225,I0320|I0322|I0332,2024-12-02 07:49:56
ORD00070,U0252,I0485|I0493,2024-06-13 20:52:11
ORD00071,U0052,I0160|I0165,2024-05-16 13:46:19
ORD00072,U0281,I0329|I0317|I0328,2024-09-06 08:28:32
ORD00073,U0070,I0014|I0003|I0012,2024-02-01 07:15:29
ORD00074,U0265,I0128|I0131|I0139,2024-07-04 20:08:21
ORD00075,U0134,I0174|I0182,2024-03-18 07:23:48
ORD00076,U0094,I0399|I0400|I0409,2024-01-09 21:41:48
ORD00077,U0118,I0080|I0086|I0085|I0088,2024-06-04 17:38:58
ORD00078,U0134,I0142|I0145|I0150,2024-02-15 01:33:10
ORD00079,U0223,I0480|I0468|I0473|I0478,2024-03-19 08:55:07
ORD00080,U0137,I0289|I0295,2024-06-16 20:38:14
ORD00081,U0111,I0287|I0296,2024-03-11 12:09:08
ORD00082,U0015,I0287|I0294|I0292|I0296,2024-08-14 18:29:01
ORD00083,U0044,I0014|I0004|I0012,2024-03-23 18:45:43
ORD00084,U0217,I0610|I0617,2024-01-23 05:59:40
ORD00085,U0121,I0487|I0496,2024-01-03 10:39:04
ORD00086,U0196,I0304|I0307|I0309|I0310,2024-08-13 08:10:48
ORD00087,U0258,I0501|I0511,2024-02-04 11:33:47
ORD00088,U0222,I0142|I0145,2024-02-19 14:53:55
ORD00089,U0144,I0366|I0378,2024-08-26 19:59:10
ORD00090,U0136,I0530|I0535,2024-10-13 23:48:08
ORD00091,U0078,I0562|I0564|I0572,2024-02-27 05:11:46
ORD00092,U0019,I0486|I0489,2024-02-15 23:59:20
ORD00093,U0254,I0045|I0036|I0042,2024-02-13 20:55:27
ORD00094,U0076,I0111|I0116,2024-03-11 20:47:34
ORD00095,U0261,I0280|I0269|I0283,2024-07-23 19:11:08
ORD00096,U0214,I0067|I0071|I0072,2024-12-10 12:18:59
ORD00097,U0063,I0395|I0401,2024-02-29 02:29:28
ORD00098,U0246,I0480|I0472|I0481,2024-05-07 22:41:53
ORD00099,U0232,I0329|I0318,2024-12-01 05:41:31
ORD00100,U0145,I0329|I0321|I0325|I0326,2024-06-03 10:15:50
ORD00101,U0205,I0080|I0085|I0089,2024-10-29 12:41:49
ORD00102,U0079,I0113|I0117,2024-11-09 21:57:23
ORD00103,U0068,I0351|I0359,2024-03-18 13:56:06
ORD00104,U0199,I0487|I0489,2024-02-05 19:51:59
ORD00105,U0189,I0628|I0630|I0634,2024-07-18 12:29:21
ORD00106,U0115,I0144|I0154,2024-04-22 13:05:54
ORD00107,U0245,I0303|I0309|I0311,2024-11-22 09:27:08
ORD00108,U0152,I0574|I0580|I0587,2024-02-11 14:26:16
ORD00109,U0049,I0472|I0477,2024-05-18 10:05:19
ORD00110,U0258,I0020|I0022|I0025,2024-11-23 12:05:20
ORD00111,U0214,I0305|I0309,2024-06-23 17:16:06
ORD00112,U0175,I0172|I0179|I0183,2024-02-11 13:01:24
ORD00113,U0003,I0396|I0402|I0404,2024-06-27 18:55:48
ORD00114,U0250,I0314|I0305|I0316,2024-02-04 07:00:07
ORD00115,U0098,I0121|I0110|I0115|I0119,2024-09-08 08:15:23
ORD00116,U0224,I0546|I0550|I0552,2024-07-03 13:07:54
ORD00117,U0086,I0143|I0149,2024-07-02 02:28:52
ORD00118,U0300,I0238|I0240|I0242,2024-05-09 00:40:29
ORD00119,U0222,I0416|I0421|I0431,2024-10-10 15:18:45
ORD00120,U0019,I0502|I0505,2024-10-08 17:43:37
ORD00121,U0250,I0223|I0227,2024-06-12 16:35:02
ORD00122,U0033,I0268|I0274|I0283,2024-07-11 17:41:57
ORD00123,U0178,I0453|I0461,2024-04-21 18:30:18
ORD00124,U0177,I0454|I0460|I0463,2024-05-11 21:54:06
ORD00125,U0240,I0128|I0131|I0139,2024-11-05 13:54:10
ORD00126,U0083,I0625|I0633|I0634,2024-03-08 08:38:24
ORD00127,U0252,I0107|I0097|I0100|I0103,2024-08-04 04:01:11
ORD00128,U0184,I0251|I0255,2024-11-17 20:32:27
ORD00129,U0017,I0064|I0071,2024-03-29 07:14:22
ORD00130,U0250,I0252|I0255|I0257|I0259,2024-12-14 08:44:11
ORD00131,U0264,I0610|I0619,2024-11-06 13:53:51
ORD00132,U0057,I0106|I0099|I0100|I0105,2024-02-10 08:07:09
ORD00133,U0106,I0366|I0371|I0373,2024-10-22 14:46:32
ORD00134,U0051,I0152|I0141|I0154,2024-11-25 08:26:46
ORD00135,U0004,I0237|I0240|I0249,2024-07-15 08:17:10
ORD00136,U0191,I0416|I0418,2024-02-28 19:33:08
ORD00137,U0216,I0222|I0225|I0228,2024-12-14 13:54:29
ORD00138,U0265,I0376|I0365,2024-10-26 01:51:08
ORD00139,U0265,I0066|I0070|I0072,2024-06-17 06:48:48
ORD00140,U0019,I0140|I0155,2024-06-11 12:43:31
ORD00141,U0284,I0304|I0311,2024-01-04 19:57:14
ORD00142,U0271,I0628|I0640,2024-09-07 09:34:25
ORD00143,U0227,I0352|I0354|I0363,2024-02-02 03:21:18
ORD00144,U0200,I0137|I0126|I0133,2024-07-17 15:33:30
ORD00145,U0175,I0160|I0163|I0165,2024-11-19 19:46:10
ORD00146,U0217,I0513|I0520|I0523,2024-08-31 14:07:57
ORD00147,U0025,I0121|I0113|I0119,2024-04-01 19:37:11
ORD00148,U0290,I0545|I0550|I0558,2024-04-20 18:52:46
ORD00149,U0294,I0129|I0135,2024-04-06 07:33:35
ORD00150,U0299,I0201|I0191|I0193|I0197,2024-10-03 13:26:10
ORD00151,U0042,I0080|I0087|I0088,2024-06-22 07:43:02
ORD00152,U0270,I0408|I0398|I0410,2024-08-14 14:27:21
ORD00153,U0226,I0501|I0506,2024-02-26 14:31:14
ORD00154,U0235,I0136|I0126,2024-06-25 13:47:14
ORD00155,U0081,I0559|I0566,2024-11-27 12:07:39
ORD00156,U0190,I0578|I0581,2024-02-15 12:23:13
ORD00157,U0156,I0298|I0287|I0297,2024-06-12 05:57:35
ORD00158,U0157,I0289|I0291|I0295,2024-07-31 12:55:03
ORD00159,U0023,I0427|I0415|I0423,2024-12-15 12:24:08
ORD00160,U0244,I0611|I0617|I0620,2024-06-28 19:42:11
ORD00161,U0230,I0142|I0145|I0155,2024-05-30 09:25:34
ORD00162,U0174,I0547|I0551|I0553,2024-09-07 07:10:42
ORD00163,U0013,I0590|I0578|I0594,2024-02-18 17:05:41
ORD00164,U0099,I0637|I0629|I0636,2024-03-14 19:32:50
ORD00165,U0010,I0114|I0118,2024-01-08 10:13:47
ORD00166,U0126,I0607|I0598|I0605,2024-01-18 13:59:40
ORD00167,U0012,I0346|I0333|I0344,2024-05-03 12:05:07
ORD00168,U0059,I0107|I0096|I0103,2024-04-09 19:09:26
ORD00169,U0158,I0411|I0424,2024-05-06 08:45:44
ORD00170,U0030,I0304|I0307,2024-06-09 20:16:14
ORD00171,U0193,I0111|I0117|I0120,2024-04-01 13:48:25
ORD00172,U0259,I0391|I0379,2024-05-03 13:26:38
ORD00173,U0034,I0484|I0488|I0492,2024-08-03 22:43:20
ORD00174,U0052,I0247|I0235|I0240|I0244,2024-06-06 13:54:48
ORD00175,U0257,I0215|I0206|I0211|I0212,2024-10-30 09:27:19
ORD00176,U0285,I0456|I0460|I0462,2024-09-10 22:00:58
ORD00177,U0031,I0485|I0490,2024-05-27 23:53:15
ORD00178,U0109,I0597|I0600|I0608,2024-10-14 15:04:03
ORD00179,U0154,I0079|I0085,2024-10-08 15:17:38
ORD00180,U0222,I0216|I0206|I0218,2024-10-19 18:17:59
ORD00181,U0126,I0320|I0324,2024-01-07 21:08:43
ORD00182,U0002,I0621|I0611|I0619,2024-08-03 20:45:39
ORD00183,U0251,I0408|I0395|I0405,2024-01-13 20:52:06
ORD00184,U0228,I0113|I0117,2024-05-19 12:53:57
ORD00185,U0005,I0121|I0113|I0118,2024-03-27 18:48:23
ORD00186,U0144,I0353|I0356|I0358,2024-11-09 18:14:09
ORD00187,U0253,I0367|I0371|I0374,2024-08-23 09:12:50
ORD00188,U0203,I0114|I0117|I0124,2024-03-07 15:42:42
ORD00189,U0290,I0621|I0614|I0623,2024-10-16 06:16:35
ORD00190,U0292,I0221|I0224|I0232,2024-09-26 18:39:45
ORD00191,U0130,I0559|I0565|I0572,2024-11-27 21:27:00
ORD00192,U0209,I0269|I0274|I0277,2024-05-20 14:02:42
ORD00193,U0115,I0051|I0056,2024-05-02 00:12:19
ORD00194,U0172,I0079|I0085|I0094,2024-01-29 21:12:04
ORD00195,U0085,I0333|I0338,2024-07-05 13:01:40
ORD00196,U0172,I0253|I0255|I0259,2024-11-19 05:21:32
ORD00197,U0267,I0247|I0238,2024-06-19 19:40:27
ORD00198,U0229,I0595|I0600|I0604,2024-05-01 20:44:33
ORD00199,U0034,I0128|I0130|I0134,2024-08-25 17:04:48
ORD00200,U0053,I0061|I0051|I0063,2024-02-07 17:26:09
ORD00201,U0120,I0621|I0613|I0616|I0619,2024-11-04 13:39:19
ORD00202,U0052,I0333|I0343,2024-07-19 12:12:24
ORD00203,U0056,I0095|I0102|I0103,2024-12-17 16:40:21
ORD00204,U0261,I0253|I0257,2024-08-29 13:15:58
ORD00205,U0071,I0035|I0040|I0042,2024-07-18 22:48:42
ORD00206,U0184,I0313|I0303|I0316,2024-04-29 17:18:14
ORD00207,U0189,I0013|I0001|I0010,2024-07-15 19:35:16
ORD00208,U0028,I0433|I0439,2024-10-31 06:12:21
ORD00209,U0244,I0480|I0472|I0482,2024-08-27 11:21:50
ORD00210,U0084,I0106|I0098|I0103,2024-12-23 00:14:20
ORD00211,U0118,I0479|I0471|I0482,2024-11-09 18:13:50
ORD00212,U0205,I0184|I0174|I0177|I0181,2024-05-18 03:07:43
ORD00213,U0073,I0299|I0286|I0295,2024-03-18 08:11:34
ORD00214,U0113,I0252|I0260,2024-04-05 08:01:11
ORD00215,U0091,I0250|I0263,2024-05-27 18:56:57
ORD00216,U0057,I0335|I0348,2024-04-03 12:23:34
ORD00217,U0088,I0533|I0535|I0536|I0537,2024-02-16 08:59:16
ORD00218,U0067,I0191|I0195|I0198,2024-08-20 13:40:11
ORD00219,U0126,I0044|I0037|I0039|I0041,2024-05-07 09:40:16
ORD00220,U0144,I0129|I0131|I0138,2024-10-09 07:30:49
ORD00221,U0034,I0169|I0159|I0167,2024-06-29 08:45:04
ORD00222,U0192,I0532|I0538,2024-04-14 16:40:03
ORD00223,U0299,I0034|I0039|I0041,2024-06-02 09:27:18
ORD00224,U0194,I0576|I0582|I0587,2024-02-02 08:05:37
ORD00225,U0152,I0464|I0457|I0461,2024-06-29 14:21:23
ORD00226,U0219,I0465|I0455|I0462,2024-05-03 10:01:40
ORD00227,U0092,I0453|I0459|I0461,2024-04-24 20:32:18
ORD00228,U0280,I0091|I0079|I0084|I0088,2024-05-19 03:12:04
ORD00229,U0171,I0190|I0198,2024-10-16 19:43:23
ORD00230,U0141,I0189|I0199,2024-10-14 15:16:53
ORD00231,U0005,I0304|I0308,2024-06-06 19:48:35
ORD00232,U0007,I0484|I0492,2024-03-29 09:47:07
ORD00233,U0108,I0487|I0490|I0492,2024-10-07 19:21:04
ORD00234,U0044,I0320|I0325|I0331,2024-06-19 13:35:05
ORD00235,U0016,I0365|I0370|I0374,2024-01-04 14:42:05
ORD00236,U0182,I0336|I0341|I0344,2024-07-27 11:37:57
ORD00237,U0012,I0589|I0575|I0582|I0587,2024-09-01 19:58:40
ORD00238,U0294,I0396|I0401|I0400|I0405,2024-05-30 08:06:28
ORD00239,U0169,I0590|I0574,2024-03-07 07:35:03
ORD00240,U0091,I0045|I0033|I0038|I0041,2024-01-27 21:24:12
ORD00241,U0146,I0208|I0209|I0213,2024-01-23 12:00:08
ORD00242,U0088,I0320|I0325|I0331,2024-02-13 08:26:30
ORD00243,U0245,I0065|I0069,2024-12-04 09:27:24
ORD00244,U0244,I0169|I0160|I0170,2024-07-14 18:29:23
ORD00245,U0142,I0189|I0196|I0197,2024-11-16 12:51:01
ORD00246,U0127,I0533|I0535,2024-06-27 13:02:02
ORD00247,U0047,I0299|I0288|I0301,2024-05-31 17:51:35
ORD00248,U0090,I0415|I0420|I0423,2024-05-29 21:11:15
ORD00249,U0292,I0095|I0100,2024-12-09 20:17:52
ORD00250,U0276,I0286|I0297,2024-10-09 18:13:21
ORD00251,U0253,I0415|I0417|I0419|I0422,2024-10-20 07:49:32
ORD00252,U0167,I0427|I0412|I0424,2024-01-18 13:04:47
ORD00253,U0237,I0382|I0384,2024-06-03 03:16:21
ORD00254,U0059,I0128|I0131,2024-06-28 06:35:32
ORD00255,U0125,I0455|I0458|I0461,2024-11-21 01:06:52
ORD00256,U0091,I0289|I0292|I0295,2024-09-17 19:43:42
ORD00257,U0140,I0151|I0141|I0150,2024-01-14 20:34:57
ORD00258,U0111,I0457|I0463,2024-09-14 18:57:11
ORD00259,U0053,I0382|I0387,2024-08-20 00:49:40
ORD00260,U0194,I0190|I0202,2024-03-18 07:26:06
ORD00261,U0015,I0002|I0006,2024-03-26 22:06:28
ORD00262,U0086,I0160|I0161|I0166,2024-05-05 15:12:29
ORD00263,U0107,I0547|I0549,2024-03-31 09:22:03
ORD00264,U0166,I0174|I0177|I0182,2024-03-23 13:04:27
ORD00265,U0143,I0625|I0631,2024-06-08 11:38:00
ORD00266,U0256,I0099|I0103,2024-04-07 22:38:08
ORD00267,U0167,I0380|I0388,2024-03-09 17:56:13
ORD00268,U0163,I0483|I0490|I0493,2024-06-23 12:40:32
ORD00269,U0120,I0525|I0514|I0527,2024-08-27 19:07:09
ORD00270,U0159,I0235|I0244,2024-01-31 06:23:54
ORD00271,U0256,I0289|I0292|I0297,2024-01-15 09:46:58
ORD00272,U0228,I0335|I0338|I0344,2024-11-03 22:41:20
ORD00273,U0148,I0019|I0023|I0025,2024-03-20 15:58:27
ORD00274,U0128,I0231|I0223|I0233,2024-03-12 13:00:04
ORD00275,U0034,I0499|I0503|I0508,2024-02-24 21:08:26
ORD00276,U0047,I0184|I0173|I0186,2024-06-14 18:19:34
ORD00277,U0085,I0189|I0194|I0198,2024-04-20 16:40:54
ORD00278,U0104,I0268|I0271|I0284,2024-06-03 12:30:27
ORD00279,U0226,I0449|I0433|I0444,2024-01-08 19:27:09
ORD00280,U0043,I0313|I0306|I0315,2024-04-09 12:19:57
ORD00281,U0233,I0290|I0294,2024-01-28 12:45:34
ORD00282,U0241,I0189|I0193|I0197,2024-11-30 14:46:28
ORD00283,U0192,I0510|I0501|I0508,2024-05-24 12:19:45
ORD00284,U0037,I0411|I0420|I0431,2024-03-04 08:27:37
ORD00285,U0131,I0361|I0351|I0359,2024-01-23 18:59:45
ORD00286,U0218,I0234|I0240|I0244,2024-10-01 18:44:24
ORD00287,U0076,I0261|I0252|I0263,2024-08-21 16:42:18
ORD00288,U0083,I0001|I0009|I0011,2024-10-01 16:57:50
ORD00289,U0042,I0532|I0542,2024-11-18 13:44:35
ORD00290,U0155,I0526|I0517,2024-04-29 18:48:15
ORD00291,U0046,I0107|I0096|I0109,2024-10-17 09:47:12
ORD00292,U0204,I0303|I0308|I0310,2024-02-07 06:44:00
ORD00293,U0214,I0541|I0532|I0537,2024-03-09 12:45:45
ORD00294,U0069,I0200|I0191|I0199,2024-11-12 09:12:58
ORD00295,U0031,I0184|I0174|I0180|I0182,2024-08-31 21:06:52
ORD00296,U0086,I0082|I0084,2024-04-17 06:01:38
ORD00297,U0300,I0247|I0234|I0242,2024-01-24 10:00:15
ORD00298,U0299,I0037|I0038|I0042,2024-08-22 14:48:34
ORD00299,U0137,I0510|I0502|I0507,2024-05-10 12:56:30
ORD00300,U0176,I0330|I0320|I0325|I0328,2024-01-23 22:55:47
ORD00301,U0170,I0098|I0102|I0103,2024-01-10 16:55:32
ORD00302,U0272,I0280|I0267,2024-06-24 17:42:54
ORD00303,U0244,I0525|I0513|I0524,2024-11-11 12:40:30
ORD00304,U0185,I0045|I0036,2024-03-31 17:25:27
ORD00305,U0042,I0361|I0349|I0359,2024-05-29 11:12:29
ORD00306,U0074,I0533|I0534|I0542,2024-07-12 19:19:52
ORD00307,U0281,I0471|I0473|I0477,2024-09-14 15:15:19
ORD00308,U0109,I0168|I0156|I0164|I0167,2024-01-12 08:59:00
ORD00309,U0168,I0390|I0381|I0386|I0388,2024-12-14 18:42:27
ORD00310,U0070,I0556|I0544|I0558,2024-12-04 09:36:31
ORD00311,U0034,I0336|I0341,2024-11-09 09:16:36
ORD00312,U0060,I0286|I0293|I0297,2024-08-17 21:47:30
ORD00313,U0060,I0576|I0583,2024-08-12 18:19:16
ORD00314,U0032,I0607|I0598|I0604,2024-10-26 12:43:32
ORD00315,U0065,I0533|I0537,2024-02-11 12:34:10
ORD00316,U0236,I0319|I0323|I0327,2024-09-21 13:38:53
ORD00317,U0146,I0140|I0150,2024-05-04 11:44:54
ORD00318,U0064,I0270|I0275|I0274|I0278,2024-11-17 09:18:31
ORD00319,U0193,I0050|I0054|I0054|I0059,2024-12-28 19:44:45
ORD00320,U0027,I0175|I0179|I0186,2024-01-09 15:21:28
ORD00321,U0217,I0486|I0489|I0488|I0493,2024-10-09 10:44:37
ORD00322,U0100,I0560|I0565,2024-10-19 19:55:54
ORD00323,U0028,I0313|I0306|I0310,2024-06-20 18:18:17
ORD00324,U0075,I0205|I0211|I0214,2024-01-04 12:54:16
ORD00325,U0295,I0096|I0104,2024-06-14 18:10:49
ORD00326,U0029,I0098|I0100,2024-01-21 07:32:32
ORD00327,U0174,I0606|I0598|I0603,2024-01-14 07:25:10
ORD00328,U0251,I0303|I0312,2024-10-16 12:44:10
ORD00329,U0046,I0471|I0474|I0482,2024-05-22 01:07:56
ORD00330,U0043,I0121|I0110|I0120,2024-08-10 23:30:42
ORD00331,U0141,I0106|I0098|I0101|I0105,2024-09-29 13:36:00
ORD00332,U0065,I0099|I0100,2024-06-06 19:01:15
ORD00333,U0202,I0571|I0559|I0566|I0569,2024-07-28 18:50:27
ORD00334,U0064,I0215|I0205,2024-11-30 16:11:15
ORD00335,U0003,I0571|I0559|I0567,2024-02-20 16:41:07
ORD00336,U0083,I0091|I0079|I0093,2024-07-15 11:34:39
ORD00337,U0088,I0437|I0438|I0439|I0444,2024-01-18 21:33:02
ORD00338,U0151,I0556|I0546|I0554,2024-12-19 23:22:51
ORD00339,U0276,I0513|I0518|I0522,2024-01-15 08:19:06
ORD00340,U0111,I0136|I0129|I0139,2024-04-17 08:39:55
ORD00341,U0217,I0076|I0067|I0074,2024-12-16 08:29:15
ORD00342,U0043,I0251|I0260,2024-03-20 06:46:28
ORD00343,U0138,I0192|I0199,2024-09-08 19:38:51
ORD00344,U0084,I0427|I0414|I0420|I0422,2024-08-22 09:17:38
ORD00345,U0064,I0548|I0550|I0552,2024-05-07 17:23:04
ORD00346,U0171,I0266|I0273|I0276,2024-02-08 12:14:51
ORD00347,U0194,I0106|I0096|I0102|I0105,2024-12-06 11:52:45
ORD00348,U0251,I0107|I0099|I0104,2024-08-23 07:03:08
ORD00349,U0088,I0330|I0318,2024-05-14 19:43:40
ORD00350,U0273,I0571|I0562|I0572,2024-04-10 00:32:25
ORD00351,U0080,I0129|I0132|I0134,2024-01-21 21:40:02
ORD00352,U0190,I0237|I0244,2024-06-26 08:22:49
ORD00353,U0240,I0516|I0519,2024-04-28 17:05:10
ORD00354,U0157,I0425|I0416|I0417|I0422,2024-10-10 09:05:19
ORD00355,U0085,I0579|I0582|I0587,2024-12-27 13:55:51
ORD00356,U0006,I0437|I0443,2024-07-05 14:43:02
ORD00357,U0273,I0121|I0110|I0120,2024-06-14 18:47:25
ORD00358,U0177,I0238|I0241|I0241|I0242,2024-08-23 13:10:54
ORD00359,U0269,I0221|I0224|I0229,2024-05-17 22:27:56
ORD00360,U0254,I0379|I0385|I0389,2024-04-06 19:54:50
ORD00361,U0061,I0288|I0293,2024-03-23 00:40:06
ORD00362,U0292,I0397|I0402|I0405,2024-11-16 20:59:13
ORD00363,U0238,I0625|I0632|I0639,2024-08-27 13:19:27
ORD00364,U0182,I0096|I0101|I0104,2024-01-04 07:31:57
ORD00365,U0102,I0091|I0082|I0088,2024-12-20 13:09:37
ORD00366,U0129,I0231|I0221|I0228,2024-06-15 20:34:54
ORD00367,U0138,I0098|I0100|I0100|I0104,2024-10-17 13:22:37
ORD00368,U0102,I0110|I0115|I0119,2024-06-12 18:57:27
ORD00369,U0017,I0159|I0167,2024-04-13 07:31:55
ORD00370,U0282,I0509|I0500|I0504|I0508,2024-10-08 21:53:34
ORD00371,U0200,I0125|I0130|I0133,2024-03-01 12:00:23
ORD00372,U0122,I0050|I0058,2024-08-19 18:27:09
ORD00373,U0246,I0286|I0294,2024-04-06 17:46:19
ORD00374,U0262,I0172|I0179|I0183,2024-04-06 18:27:35
ORD00375,U0102,I0483|I0493,2024-10-10 14:11:00
ORD00376,U0097,I0606|I0596|I0608,2024-02-21 12:17:10
ORD00377,U0099,I0153|I0141|I0148,2024-12-01 05:26:37
ORD00378,U0269,I0303|I0310,2024-05-10 13:03:16
ORD00379,U0262,I0448|I0432|I0451,2024-05-21 10:22:31
ORD00380,U0215,I0234|I0239,2024-01-16 00:42:51
ORD00381,U0165,I0206|I0211,2024-02-09 13:16:01
ORD00382,U0252,I0364|I0369,2024-09-16 01:35:34
ORD00383,U0067,I0335|I0340,2024-04-02 17:13:17
ORD00384,U0300,I0379|I0384|I0389,2024-10-15 16:02:59
ORD00385,U0098,I0188|I0197,2024-07-31 17:19:08
ORD00386,U0243,I0200|I0188|I0197,2024-03-15 13:45:10
ORD00387,U0130,I0561|I0565|I0566|I0569,2024-02-15 21:04:01
ORD00388,U0248,I0425|I0412|I0424,2024-04-16 18:08:01
ORD00389,U0149,I0044|I0034,2024-10-14 19:31:57
ORD00390,U0273,I0514|I0521|I0521|I0524,2024-10-29 12:38:30
ORD00391,U0140,I0205|I0211|I0212,2024-08-17 18:56:27
ORD00392,U0263,I0480|I0470|I0476,2024-04-25 18:35:35
ORD00393,U0061,I0160|I0162|I0166,2024-01-16 17:56:05
ORD00394,U0143,I0125|I0132,2024-04-06 23:13:24
ORD00395,U0274,I0112|I0117|I0120,2024-05-23 12:45:21
ORD00396,U0282,I0253|I0260,2024-04-24 12:03:25
ORD00397,U0006,I0351|I0354|I0358,2024-01-07 15:55:40
ORD00398,U0299,I0098|I0105,2024-04-09 20:40:50
ORD00399,U0283,I0215|I0206|I0210|I0212,2024-08-13 17:54:58
ORD00400,U0203,I0153|I0143|I0149,2024-02-27 20:05:29
ORD00401,U0254,I0184|I0173|I0183,2024-07-09 21:11:45
ORD00402,U0145,I0018|I0023,2024-09-23 17:04:23
ORD00403,U0074,I0076|I0067|I0072,2024-10-08 14:46:47
ORD00404,U0007,I0613|I0615|I0618,2024-11-17 01:53:06
ORD00405,U0023,I0125|I0131|I0133,2024-12-30 17:00:15
ORD00406,U0005,I0107|I0095|I0103,2024-02-24 13:36:06
ORD00407,U0228,I0159|I0162,2024-04-04 05:44:47
ORD00408,U0137,I0544|I0549|I0554,2024-04-25 07:56:11
ORD00409,U0213,I0141|I0145|I0148,2024-06-14 12:22:26
ORD00410,U0147,I0222|I0232,2024-07-10 08:07:00
ORD00411,U0115,I0107|I0097,2024-01-30 17:07:25
ORD00412,U0185,I0083|I0085|I0093,2024-06-15 14:38:22
ORD00413,U0093,I0437|I0440|I0445,2024-11-13 10:56:06
ORD00414,U0054,I0270|I0284,2024-12-28 10:58:20
ORD00415,U0040,I0002|I0007|I0016,2024-02-27 12:46:40
ORD00416,U0245,I0067|I0071|I0073,2024-02-26 07:08:06
ORD00417,U0094,I0382|I0385,2024-07-05 18:26:03
ORD00418,U0171,I0136|I0128|I0131|I0135,2024-07-12 15:31:45
ORD00419,U0273,I0556|I0544|I0551|I0554,2024-06-12 14:49:27
ORD00420,U0113,I0079|I0085|I0088,2024-05-20 15:08:53
ORD00421,U0057,I0050|I0062,2024-04-24 13:53:40
ORD00422,U0283,I0412|I0417|I0424,2024-02-23 07:44:04
ORD00423,U0074,I0382|I0388,2024-01-22 18:42:35
ORD00424,U0298,I0075|I0064|I0072,2024-05-21 08:15:22
ORD00425,U0040,I0014|I0002|I0015,2024-07-01 18:47:28
ORD00426,U0271,I0314|I0305|I0312,2024-09-27 01:07:19
ORD00427,U0080,I0048|I0054|I0062,2024-01-05 12:27:35
ORD00428,U0233,I0561|I0569,2024-07-13 11:14:24
ORD00429,U0217,I0156|I0164,2024-02-18 18:25:38
ORD00430,U0029,I0223|I0226,2024-11-22 06:44:01
ORD00431,U0240,I0486|I0489,2024-03-05 05:23:27
ORD00432,U0218,I0188|I0193,2024-05-20 17:54:27
ORD00433,U0172,I0018|I0024|I0025,2024-01-26 09:00:07
ORD00434,U0159,I0200|I0189|I0203,2024-02-03 22:36:27
ORD00435,U0023,I0577|I0580|I0580|I0586,2024-02-06 21:00:19
ORD00436,U0183,I0298|I0288,2024-10-18 12:22:40
ORD00437,U0067,I0099|I0100,2024-07-14 19:09:47
ORD00438,U0013,I0607|I0599|I0600|I0604,2024-03-03 08:29:26
ORD00439,U0041,I0091|I0080,2024-11-09 18:09:19
ORD00440,U0083,I0526|I0516|I0522,2024-05-11 10:39:07
ORD00441,U0221,I0036|I0038|I0046,2024-08-25 17:09:16
ORD00442,U0291,I0498|I0503|I0507,2024-07-31 20:51:39
ORD00443,U0045,I0500|I0503|I0507,2024-03-03 06:36:57
ORD00444,U0187,I0350|I0356|I0358,2024-04-10 23:16:47
ORD00445,U0227,I0129|I0139,2024-01-16 12:18:48
ORD00446,U0206,I0416|I0418|I0430,2024-05-22 14:39:32
ORD00447,U0161,I0367|I0371|I0373,2024-04-12 20:43:45
ORD00448,U0022,I0625|I0631|I0630|I0634,2024-11-27 07:24:36
ORD00449,U0082,I0574|I0581,2024-05-30 20:42:02
ORD00450,U0048,I0361|I0349|I0357,2024-03-11 18:58:10
ORD00451,U0204,I0434|I0438|I0444,2024-05-12 23:31:07
ORD00452,U0109,I0486|I0488|I0493,2024-03-01 21:09:44
ORD00453,U0110,I0330|I0317|I0332,2024-11-02 13:30:28
ORD00454,U0110,I0048|I0056|I0058,2024-04-07 17:05:28
ORD00455,U0073,I0064|I0070,2024-12-05 18:55:53
ORD00456,U0215,I0531|I0534|I0537,2024-02-05 20:27:53
ORD00457,U0176,I0304|I0308|I0311,2024-07-03 15:50:32
ORD00458,U0083,I0437|I0442,2024-05-31 19:35:43
ORD00459,U0102,I0068|I0074,2024-02-26 12:52:49
ORD00460,U0163,I0004|I0007|I0011,2024-12-01 11:50:20
ORD00461,U0209,I0261|I0253|I0258,2024-09-03 13:37:23
ORD00462,U0050,I0034|I0039|I0043,2024-07-31 19:38:33
ORD00463,U0194,I0205|I0211,2024-08-12 22:23:18
ORD00464,U0187,I0019|I0024,2024-11-14 20:44:48
ORD00465,U0256,I0480|I0470|I0478,2024-06-14 14:48:07
ORD00466,U0172,I0113|I0124,2024-05-24 08:38:39
ORD00467,U0084,I0556|I0547|I0554,2024-04-20 18:59:57
ORD00468,U0051,I0091|I0079|I0084|I0090,2024-12-28 12:31:58
ORD00469,U0279,I0106|I0097|I0109,2024-03-23 09:29:55
ORD00470,U0283,I0382|I0384|I0388,2024-11-04 21:26:51
ORD00471,U0203,I0002|I0016,2024-04-13 20:16:52
ORD00472,U0158,I0411|I0423,2024-01-13 01:09:58
ORD00473,U0192,I0541|I0531|I0534|I0539,2024-06-16 09:25:26
ORD00474,U0099,I0637|I0629|I0640,2024-02-20 21:24:35
ORD00475,U0089,I0399|I0409,2024-06-18 09:45:41
ORD00476,U0065,I0517|I0521|I0524,2024-12-21 10:35:25
ORD00477,U0082,I0317|I0322|I0327,2024-01-05 17:37:35
ORD00478,U0079,I0030|I0017|I0032,2024-01-10 18:08:07
ORD00479,U0233,I0350|I0355|I0357,2024-07-26 20:46:00
ORD00480,U0194,I0252|I0258,2024-12-29 08:01:25
ORD00481,U0297,I0099|I0100|I0103,2024-02-25 10:57:05
ORD00482,U0093,I0081|I0085|I0089,2024-02-09 13:01:42
ORD00483,U0212,I0075|I0065|I0074,2024-06-12 12:20:04
ORD00484,U0231,I0156|I0162|I0167,2024-08-08 17:54:42
ORD00485,U0017,I0112|I0116|I0117|I0120,2024-07-31 00:33:19
ORD00486,U0131,I0110|I0117|I0118,2024-07-20 14:09:45
ORD00487,U0111,I0365|I0369|I0373,2024-02-23 09:46:10
ORD00488,U0065,I0266|I0271,2024-05-15 18:41:10
ORD00489,U0151,I0471|I0477,2024-07-18 21:59:19
ORD00490,U0099,I0252|I0256|I0258,2024-08-14 19:37:45
ORD00491,U0160,I0169|I0159|I0164|I0166,2024-08-19 18:52:47
ORD00492,U0164,I0628|I0633|I0634,2024-08-08 12:57:48
ORD00493,U0033,I0453|I0460|I0462,2024-08-15 12:38:04
ORD00494,U0272,I0349|I0354,2024-11-10 12:50:13
ORD00495,U0096,I0350|I0356|I0358,2024-05-24 08:20:30
ORD00496,U0063,I0001|I0008,2024-03-24 13:50:12
ORD00497,U0165,I0231|I0221|I0232,2024-07-23 09:35:29
ORD00498,U0143,I0621|I0614,2024-12-12 17:43:54
ORD00499,U0223,I0329|I0318|I0322|I0327,2024-07-12 04:17:50
ORD00500,U0216,I0111|I0117|I0119,2024-08-17 12:36:50
ORD00501,U0011,I0290|I0291|I0296,2024-04-20 08:25:53
ORD00502,U0019,I0544|I0558,2024-09-07 01:30:41
ORD00503,U0049,I0413|I0423,2024-10-19 12:05:16
ORD00504,U0285,I0329|I0320|I0327,2024-09-27 23:31:56
ORD00505,U0063,I0364|I0377,2024-03-27 04:00:54
ORD00506,U0072,I0098|I0100|I0100|I0103,2024-03-15 18:51:14
ORD00507,U0189,I0544|I0550|I0549|I0552,2024-01-19 21:04:26
ORD00508,U0136,I0336|I0343,2024-09-28 08:08:41
ORD00509,U0299,I0470|I0473|I0478,2024-12-10 20:57:51
ORD00510,U0212,I0457|I0463,2024-04-03 16:42:27
ORD00511,U0251,I0270|I0274,2024-03-28 07:49:34
ORD00512,U0152,I0080|I0085,2024-09-26 07:31:38
ORD00513,U0031,I0205|I0210|I0213,2024-03-13 13:21:02
ORD00514,U0107,I0607|I0597|I0602|I0604,2024-09-11 08:32:21
ORD00515,U0055,I0127|I0131|I0134,2024-12-03 17:12:48
ORD00516,U0205,I0191|I0194|I0199,2024-04-29 22:36:55
ORD00517,U0053,I0151|I0140|I0148,2024-01-07 20:11:38
ORD00518,U0137,I0030|I0020|I0026,2024-04-13 07:35:23
ORD00519,U0044,I0360|I0352|I0359,2024-06-16 14:03:54
ORD00520,U0226,I0265|I0274,2024-10-11 21:12:58
ORD00521,U0151,I0201|I0192|I0199,2024-07-10 14:06:12
ORD00522,U0026,I0245|I0234,2024-01-21 20:36:47
ORD00523,U0137,I0234|I0240|I0242,2024-12-08 17:45:51
ORD00524,U0208,I0396|I0402,2024-11-16 20:17:35
ORD00525,U0254,I0205|I0210|I0214,2024-04-21 18:18:06
ORD00526,U0002,I0099|I0101|I0105,2024-04-28 20:44:39
ORD00527,U0123,I0156|I0162,2024-03-13 12:29:35
ORD00528,U0073,I0004|I0011,2024-01-09 08:16:13
ORD00529,U0040,I0156|I0167,2024-05-16 22:37:59
ORD00530,U0001,I0501|I0503|I0511,2024-11-14 01:43:51
ORD00531,U0149,I0230|I0220|I0227,2024-02-08 11:47:50
ORD00532,U0172,I0465|I0457|I0462,2024-09-14 13:23:56
ORD00533,U0235,I0014|I0003|I0009|I0010,2024-04-14 18:46:57
ORD00534,U0011,I0141|I0147|I0145|I0149,2024-07-12 03:36:57
ORD00535,U0221,I0364|I0369|I0373,2024-09-05 07:17:48
ORD00536,U0279,I0457|I0458|I0459|I0463,2024-05-15 20:25:17
ORD00537,U0214,I0265|I0275,2024-07-20 18:53:32
ORD00538,U0063,I0448|I0434|I0438|I0443,2024-07-12 21:09:12
ORD00539,U0239,I0152|I0144|I0150,2024-09-14 08:31:51
ORD00540,U0148,I0075|I0067|I0069|I0072,2024-04-19 19:07:44
ORD00541,U0028,I0501|I0504,2024-09-13 19:03:24
ORD00542,U0129,I0127|I0132,2024-09-15 22:35:15
ORD00543,U0080,I0080|I0090,2024-03-17 13:58:56
ORD00544,U0042,I0289|I0293|I0295,2024-11-11 18:24:37
ORD00545,U0217,I0406|I0397,2024-12-23 11:19:51
ORD00546,U0089,I0590|I0578|I0585,2024-09-22 19:16:54
ORD00547,U0070,I0427|I0413|I0429,2024-04-25 16:40:18
ORD00548,U0237,I0547|I0549|I0552,2024-07-23 13:20:04
ORD00549,U0258,I0361|I0352|I0358,2024-06-08 13:58:15
ORD00550,U0287,I0029|I0017,2024-10-20 08:58:34
ORD00551,U0155,I0246|I0235|I0249,2024-01-21 19:25:30
ORD00552,U0065,I0398|I0405,2024-06-27 20:05:05
ORD00553,U0029,I0279|I0267|I0275|I0276,2024-11-15 10:30:14
ORD00554,U0170,I0052|I0053|I0059,2024-03-20 14:35:21
ORD00555,U0254,I0126|I0131|I0135,2024-04-30 18:59:45
ORD00556,U0004,I0509|I0498|I0511,2024-01-01 08:56:58
ORD00557,U0062,I0530|I0534|I0538,2024-01-10 19:28:50
ORD00558,U0201,I0050|I0063,2024-07-06 23:52:33
ORD00559,U0121,I0548|I0551,2024-06-19 20:39:12
ORD00560,U0064,I0432|I0439|I0443,2024-11-13 18:15:23
ORD00561,U0088,I0517|I0522,2024-07-03 13:18:04
ORD00562,U0052,I0607|I0598|I0604,2024-09-27 19:29:40
ORD00563,U0214,I0434|I0441|I0443,2024-08-07 12:37:35
ORD00564,U0156,I0045|I0033|I0047,2024-02-24 13:46:10
ORD00565,U0235,I0266|I0273|I0278,2024-11-28 20:13:10
ORD00566,U0179,I0529|I0534,2024-09-11 08:41:37
ORD00567,U0289,I0345|I0335|I0344,2024-04-27 21:04:40
ORD00568,U0248,I0392|I0380,2024-08-11 18:32:19
ORD00569,U0270,I0252|I0257|I0260,2024-05-15 16:53:57
ORD00570,U0207,I0065|I0069|I0072,2024-09-15 07:59:54
ORD00571,U0244,I0329|I0317|I0323|I0328,2024-12-12 12:26:59
ORD00572,U0033,I0060|I0048|I0062,2024-06-20 19:38:36
ORD00573,U0016,I0175|I0180,2024-02-21 23:36:08
ORD00574,U0285,I0191|I0196|I0199,2024-04-21 09:47:45
ORD00575,U0083,I0447|I0432|I0442|I0443,2024-09-01 22:06:58
ORD00576,U0105,I0044|I0035|I0039|I0043,2024-07-31 20:21:09
ORD00577,U0095,I0540|I0533|I0538,2024-07-13 12:39:46
ORD00578,U0287,I0137|I0128|I0132|I0134,2024-12-05 06:05:18
ORD00579,U0066,I0529|I0535,2024-03-30 05:34:03
ORD00580,U0170,I0019|I0023|I0026,2024-09-30 12:55:56
ORD00581,U0081,I0290|I0292|I0297,2024-12-27 17:19:23
ORD00582,U0205,I0625|I0633|I0635,2024-09-10 03:21:48
ORD00583,U0216,I0250|I0255|I0258,2024-07-31 19:21:25
ORD00584,U0032,I0247|I0238|I0244,2024-11-20 19:02:46
ORD00585,U0178,I0075|I0068,2024-07-04 21:17:25
ORD00586,U0022,I0099|I0100|I0105,2024-05-16 13:19:17
ORD00587,U0117,I0017|I0031,2024-07-26 17:24:23
ORD00588,U0010,I0571|I0562|I0569,2024-02-18 13:27:49
ORD00589,U0282,I0125|I0132|I0134,2024-05-16 08:27:43
ORD00590,U0030,I0238|I0239|I0242,2024-06-09 18:56:57
ORD00591,U0275,I0574|I0581|I0585,2024-01-30 05:28:21
ORD00592,U0093,I0288|I0292|I0296,2024-02-20 17:30:34
ORD00593,U0063,I0068|I0069|I0073,2024-09-30 18:22:17
ORD00594,U0113,I0455|I0463,2024-04-23 20:15:25
ORD00595,U0270,I0269|I0275,2024-02-10 05:57:30
ORD00596,U0211,I0637|I0626|I0634,2024-11-22 22:14:09
ORD00597,U0157,I0561|I0566|I0567,2024-01-14 22:44:39
ORD00598,U0226,I0479|I0471,2024-11-20 03:17:57
ORD00599,U0197,I0313|I0302|I0308|I0312,2024-05-29 14:55:43
ORD00600,U0196,I0390|I0380|I0388,2024-03-12 18:34:56
ORD00601,U0027,I0304|I0307|I0312,2024-10-20 20:59:43
ORD00602,U0135,I0595|I0601|I0605,2024-11-18 17:55:18
ORD00603,U0219,I0061|I0050|I0056|I0058,2024-08-10 18:49:33
ORD00604,U0266,I0253|I0256|I0260,2024-12-25 09:58:59
ORD00605,U0008,I0281|I0265|I0272|I0278,2024-04-24 12:25:17
ORD00606,U0020,I0627|I0632,2024-10-30 18:49:29
ORD00607,U0007,I0112|I0116,2024-11-25 08:29:10
ORD00608,U0009,I0453|I0459|I0462,2024-09-04 20:13:47
ORD00609,U0210,I0060|I0050|I0063,2024-01-25 13:16:42
ORD00610,U0142,I0251|I0255|I0263,2024-02-27 20:41:25
ORD00611,U0026,I0219|I0224|I0229,2024-07-15 20:37:54
ORD00612,U0163,I0044|I0033|I0047,2024-04-09 01:54:43
ORD00613,U0181,I0548|I0552,2024-05-15 07:32:59
ORD00614,U0228,I0121|I0111|I0119,2024-08-09 12:52:43
ORD00615,U0213,I0076|I0065|I0077,2024-05-06 17:23:42
ORD00616,U0172,I0413|I0420|I0430,2024-08-29 03:23:50
ORD00617,U0023,I0290|I0300,2024-02-11 17:51:17
ORD00618,U0161,I0517|I0524,2024-10-03 12:13:09
ORD00619,U0194,I0596|I0601|I0605,2024-01-31 22:59:36
ORD00620,U0115,I0591|I0578|I0587,2024-02-17 20:33:38
ORD00621,U0027,I0622|I0612|I0619,2024-03-16 20:18:05
ORD00622,U0125,I0335|I0339|I0343,2024-05-02 19:07:04
ORD00623,U0124,I0456|I0462,2024-01-31 12:32:55
ORD00624,U0040,I0368|I0372,2024-06-23 19:14:06
ORD00625,U0292,I0126|I0139,2024-09-18 16:08:54
ORD00626,U0134,I0286|I0291,2024-06-07 13:09:19
ORD00627,U0295,I0509|I0499|I0512,2024-01-07 08:26:04
ORD00628,U0135,I0562|I0569,2024-02-09 08:02:42
ORD00629,U0221,I0017|I0025,2024-07-18 20:58:19
ORD00630,U0199,I0435|I0442,2024-04-03 18:07:11
ORD00631,U0173,I0345|I0333|I0347,2024-10-13 21:28:03
ORD00632,U0210,I0456|I0462,2024-10-21 13:08:13
ORD00633,U0094,I0599|I0608,2024-02-29 20:37:56
ORD00634,U0190,I0471|I0473,2024-07-16 18:17:18
ORD00635,U0050,I0221|I0224,2024-08-07 14:33:06
ORD00636,U0297,I0516|I0520|I0528,2024-05-29 11:11:15
ORD00637,U0074,I0044|I0036|I0040|I0042,2024-08-11 20:20:22
ORD00638,U0051,I0349|I0355,2024-04-16 13:14:10
ORD00639,U0087,I0288|I0300,2024-12-25 09:17:44
ORD00640,U0073,I0099|I0100|I0103,2024-08-20 20:57:48
ORD00641,U0277,I0555|I0547|I0549|I0553,2024-03-19 10:36:38
ORD00642,U0219,I0465|I0455|I0461,2024-10-05 18:54:32
ORD00643,U0062,I0456|I0459|I0466,2024-12-01 08:17:58
ORD00644,U0060,I0360|I0349|I0355|I0357,2024-07-15 12:29:36
ORD00645,U0263,I0066|I0072,2024-06-17 07:45:20
ORD00646,U0267,I0321|I0322|I0328,2024-08-31 00:08:13
ORD00647,U0193,I0221|I0228,2024-02-28 13:11:31
ORD00648,U0255,I0286|I0292|I0295,2024-06-17 06:35:40
ORD00649,U0107,I0174|I0180|I0183,2024-08-14 09:22:57
ORD00650,U0248,I0530|I0538,2024-11-22 09:18:57
ORD00651,U0249,I0510|I0502|I0504|I0508,2024-07-05 11:14:47
ORD00652,U0058,I0299|I0288|I0295,2024-09-14 13:11:06
ORD00653,U0238,I0319|I0328,2024-06-03 18:49:40
ORD00654,U0248,I0509|I0498|I0512,2024-04-14 14:56:53
ORD00655,U0210,I0061|I0050|I0063,2024-06-08 12:28:58
ORD00656,U0218,I0395|I0401,2024-07-07 18:21:17
ORD00657,U0024,I0313|I0306|I0310,2024-07-27 09:40:15
ORD00658,U0057,I0637|I0629|I0639,2024-10-07 02:24:34
ORD00659,U0047,I0337|I0347,2024-09-11 05:13:17
ORD00660,U0186,I0545|I0551|I0553,2024-11-29 18:18:51
ORD00661,U0083,I0365|I0371,2024-10-11 09:00:17
ORD00662,U0019,I0030|I0017|I0024|I0026,2024-11-03 13:10:20
ORD00663,U0145,I0303|I0307|I0311,2024-10-18 07:50:05
ORD00664,U0194,I0397|I0400|I0403,2024-01-29 14:45:25
ORD00665,U0213,I0021|I0024|I0025,2024-02-07 18:50:09
ORD00666,U0201,I0190|I0195|I0203,2024-07-17 18:19:02
ORD00667,U0141,I0470|I0475|I0478,2024-07-02 12:27:11
ORD00668,U0048,I0231|I0222,2024-04-20 21:34:51
ORD00669,U0260,I0237|I0241,2024-06-01 22:48:20
ORD00670,U0280,I0106|I0098|I0103,2024-06-22 12:36:12
ORD00671,U0056,I0302|I0307,2024-08-05 08:55:51
ORD00672,U0251,I0596|I0601|I0605,2024-11-21 13:46:56
ORD00673,U0291,I0222|I0225|I0228,2024-04-30 18:53:14
ORD00674,U0078,I0037|I0040,2024-06-06 20:17:26
ORD00675,U0108,I0571|I0561|I0566|I0567,2024-05-04 13:30:49
ORD00676,U0264,I0559|I0564|I0573,2024-09-28 06:08:03
ORD00677,U0007,I0168|I0157|I0165,2024-06-18 20:07:21
ORD00678,U0020,I0449|I0433|I0445,2024-12-05 15:25:29
ORD00679,U0005,I0288|I0293|I0297,2024-05-05 17:23:23
ORD00680,U0289,I0160|I0162|I0167,2024-10-04 12:38:16
ORD00681,U0129,I0495|I0484|I0491,2024-07-22 18:30:41
ORD00682,U0006,I0329|I0320|I0326,2024-01-03 11:12:06
ORD00683,U0103,I0107|I0095|I0103,2024-08-30 13:10:06
ORD00684,U0035,I0360|I0351|I0362,2024-12-26 08:18:49
ORD00685,U0219,I0597|I0605,2024-10-24 12:16:14
ORD00686,U0288,I0555|I0544|I0557,2024-02-09 18:17:30
ORD00687,U0092,I0261|I0254|I0264,2024-05-08 16:54:57
ORD00688,U0142,I0628|I0634,2024-03-06 00:14:59
ORD00689,U0111,I0083|I0093,2024-02-25 08:55:48
ORD00690,U0001,I0317|I0323|I0328,2024-11-09 13:42:11
ORD00691,U0242,I0317|I0323,2024-08-05 12:49:51
ORD00692,U0198,I0487|I0489,2024-07-25 07:38:50
ORD00693,U0110,I0169|I0157,2024-11-22 13:28:45
ORD00694,U0251,I0254|I0259,2024-09-10 12:01:20
ORD00695,U0188,I0480|I0471|I0473|I0478,2024-08-05 20:58:30
ORD00696,U0098,I0379|I0384,2024-06-20 12:12:22
ORD00697,U0003,I0595|I0601,2024-12-21 10:58:27
ORD00698,U0007,I0612|I0617,2024-07-04 12:44:56
ORD00699,U0130,I0279|I0270|I0284,2024-08-23 17:31:29
ORD00700,U0089,I0487|I0491,2024-01-15 12:39:24
ORD00701,U0079,I0173|I0177|I0187,2024-11-19 20:03:38
ORD00702,U0228,I0052|I0055,2024-11-27 08:39:59
ORD00703,U0009,I0335|I0339|I0348,2024-07-19 01:42:30
ORD00704,U0207,I0416|I0417|I0429,2024-03-15 19:32:49
ORD00705,U0076,I0268|I0271|I0277,2024-08-24 08:32:05
ORD00706,U0210,I0184|I0174|I0187,2024-08-05 12:21:31
ORD00707,U0239,I0574|I0584|I0593,2024-02-04 07:05:44
ORD00708,U0094,I0083|I0084|I0088,2024-11-02 01:40:31
ORD00709,U0192,I0469|I0474|I0478,2024-09-06 21:55:55
ORD00710,U0098,I0128|I0132,2024-04-21 08:08:50
ORD00711,U0290,I0329|I0319|I0326,2024-03-09 22:16:15
ORD00712,U0226,I0252|I0257|I0259,2024-05-15 19:33:12
ORD00713,U0231,I0160|I0164|I0165,2024-07-27 16:44:45
ORD00714,U0223,I0361|I0350|I0363,2024-09-28 22:35:46
ORD00715,U0138,I0091|I0081|I0088,2024-06-30 10:59:11
ORD00716,U0060,I0530|I0538,2024-02-24 13:20:22
ORD00717,U0191,I0578|I0580,2024-05-05 18:40:30
ORD00718,U0184,I0004|I0008|I0011,2024-09-08 21:11:29
ORD00719,U0184,I0306|I0307|I0310,2024-06-19 19:29:27
ORD00720,U0295,I0435|I0443,2024-04-08 18:38:02
ORD00721,U0173,I0485|I0491,2024-12-26 20:48:36
ORD00722,U0260,I0107|I0099|I0104,2024-08-18 02:32:10
ORD00723,U0086,I0306|I0307|I0315,2024-02-20 18:50:12
ORD00724,U0028,I0080|I0086,2024-06-27 12:29:11
ORD00725,U0001,I0141|I0146|I0149,2024-02-01 08:54:06
ORD00726,U0105,I0433|I0439|I0445,2024-08-03 20:23:14
ORD00727,U0003,I0483|I0489|I0493,2024-09-23 12:13:48
ORD00728,U0242,I0380|I0384|I0394,2024-02-19 11:59:44
ORD00729,U0069,I0407|I0398|I0402|I0404,2024-07-26 06:31:51
ORD00730,U0014,I0220|I0224|I0233,2024-05-20 12:52:54
ORD00731,U0001,I0638|I0625|I0639,2024-02-23 14:02:52
ORD00732,U0109,I0314|I0305|I0312,2024-03-10 13:18:45
ORD00733,U0160,I0382|I0387,2024-04-11 22:26:40
ORD00734,U0092,I0160|I0161,2024-06-29 19:22:37
ORD00735,U0052,I0406|I0396|I0401|I0403,2024-08-11 14:43:35
ORD00736,U0233,I0014|I0004|I0010,2024-04-27 13:47:26
ORD00737,U0060,I0622|I0614|I0616|I0619,2024-10-03 12:34:23
ORD00738,U0187,I0122|I0114|I0116|I0120,2024-02-01 08:21:20
ORD00739,U0133,I0201|I0191|I0197,2024-06-29 10:07:24
ORD00740,U0251,I0472|I0475,2024-05-23 09:21:31
ORD00741,U0152,I0028|I0019|I0026,2024-06-10 01:20:59
ORD00742,U0153,I0045|I0033|I0047,2024-04-06 08:34:08
ORD00743,U0049,I0128|I0134,2024-12-12 10:29:21
ORD00744,U0125,I0540|I0529|I0543,2024-05-24 03:38:15
ORD00745,U0052,I0392|I0379|I0388,2024-12-26 17:19:20
ORD00746,U0217,I0397|I0402|I0405,2024-10-15 20:53:30
ORD00747,U0222,I0122|I0112|I0117|I0120,2024-07-28 20:15:47
ORD00748,U0026,I0375|I0367|I0378,2024-10-17 18:11:51
ORD00749,U0142,I0517|I0523,2024-12-19 08:18:04
ORD00750,U0140,I0013|I0004|I0012,2024-02-20 10:29:56
ORD00751,U0163,I0095|I0102|I0104,2024-03-26 06:18:26
ORD00752,U0236,I0607|I0599|I0604,2024-07-03 21:00:24
ORD00753,U0176,I0336|I0339,2024-06-28 20:31:47
ORD00754,U0108,I0547|I0553,2024-06-05 03:54:23
ORD00755,U0293,I0092|I0079|I0093,2024-10-17 23:23:00
ORD00756,U0156,I0299|I0289|I0291|I0295,2024-08-30 16:39:32
ORD00757,U0181,I0588|I0576|I0587,2024-10-15 13:15:02
ORD00758,U0193,I0548|I0549|I0552,2024-06-02 09:07:16
ORD00759,U0293,I0287|I0294|I0297,2024-06-07 12:13:48
ORD00760,U0215,I0612|I0617,2024-02-11 18:43:29
ORD00761,U0163,I0526|I0514|I0523,2024-07-11 19:18:47
ORD00762,U0231,I0157|I0171,2024-04-22 00:53:20
ORD00763,U0172,I0468|I0477,2024-08-13 18:26:46
ORD00764,U0211,I0200|I0189|I0202,2024-08-20 16:26:49
ORD00765,U0012,I0329|I0321|I0332,2024-09-22 07:23:33
ORD00766,U0012,I0613|I0617|I0623,2024-11-26 21:29:15
ORD00767,U0189,I0235|I0240|I0242,2024-04-23 06:01:21
ORD00768,U0106,I0589|I0579|I0587,2024-06-21 23:50:50
ORD00769,U0091,I0479|I0472|I0477,2024-12-04 21:10:32
ORD00770,U0126,I0468|I0476,2024-10-17 03:43:15
ORD00771,U0209,I0532|I0534|I0535|I0538,2024-12-09 18:07:03
ORD00772,U0274,I0030|I0017|I0026,2024-11-11 12:52:30
ORD00773,U0021,I0368|I0371,2024-09-09 13:50:19
ORD00774,U0064,I0097|I0102|I0103,2024-10-07 08:26:25
ORD00775,U0174,I0143|I0154,2024-04-12 07:41:25
ORD00776,U0038,I0471|I0473|I0482,2024-05-12 11:28:57
ORD00777,U0170,I0457|I0462,2024-08-18 03:08:18
ORD00778,U0076,I0530|I0535,2024-08-06 12:18:05
ORD00779,U0158,I0169|I0159|I0171,2024-09-18 11:47:44
ORD00780,U0066,I0152|I0142|I0154,2024-01-11 20:37:21
ORD00781,U0156,I0152|I0142|I0155,2024-07-04 17:10:22
ORD00782,U0177,I0153|I0142|I0155,2024-05-26 20:31:01
ORD00783,U0087,I0541|I0532|I0537,2024-09-16 21:21:12
ORD00784,U0116,I0303|I0308|I0312,2024-10-29 18:07:09
ORD00785,U0101,I0360|I0353|I0357,2024-10-14 08:42:33
ORD00786,U0017,I0407|I0399|I0409,2024-04-15 15:34:01
ORD00787,U0276,I0079|I0087|I0085|I0088,2024-04-09 19:11:52
ORD00788,U0126,I0222|I0227,2024-01-16 22:17:48
ORD00789,U0283,I0266|I0271|I0276,2024-07-21 11:13:26
ORD00790,U0117,I0247|I0237|I0249,2024-02-08 15:50:41
ORD00791,U0027,I0329|I0318|I0325|I0326,2024-06-20 07:12:18
ORD00792,U0052,I0556|I0546|I0557,2024-08-13 13:57:47
ORD00793,U0058,I0464|I0457|I0460|I0463,2024-10-20 13:00:17
ORD00794,U0129,I0428|I0416|I0429,2024-05-07 14:32:28
ORD00795,U0146,I0306|I0307,2024-05-12 10:35:35
ORD00796,U0258,I0313|I0303|I0316,2024-01-03 11:32:43
ORD00797,U0241,I0498|I0504|I0508,2024-04-28 07:55:35
ORD00798,U0227,I0345|I0334|I0347,2024-10-23 09:19:07
ORD00799,U0257,I0306|I0308,2024-02-09 18:59:25
ORD00800,U0108,I0576|I0585,2024-03-15 19:50:31
ORD00801,U0088,I0168|I0158|I0171,2024-09-10 16:26:26
ORD00802,U0138,I0222|I0233,2024-05-24 08:21:25
ORD00803,U0182,I0330|I0321|I0327,2024-10-23 12:48:05
ORD00804,U0207,I0061|I0049,2024-06-26 19:01:14
ORD00805,U0104,I0206|I0213,2024-11-19 12:20:40
ORD00806,U0219,I0383|I0386,2024-03-18 19:39:43
ORD00807,U0258,I0453|I0458|I0466,2024-03-03 12:30:13
ORD00808,U0241,I0045|I0036|I0038|I0042,2024-08-23 16:03:56
ORD00809,U0052,I0061|I0052|I0063,2024-06-19 21:07:54
ORD00810,U0242,I0125|I0131|I0139,2024-11-16 08:09:57
ORD00811,U0154,I0574|I0583|I0585,2024-05-07 16:48:35
ORD00812,U0134,I0571|I0559|I0567,2024-10-26 19:55:00
ORD00813,U0161,I0367|I0377,2024-03-12 12:14:34
ORD00814,U0236,I0366|I0370,2024-08-22 19:01:01
ORD00815,U0072,I0122|I0113|I0124,2024-11-05 04:33:11
ORD00816,U0031,I0517|I0521,2024-01-13 22:55:40
ORD00817,U0168,I0556|I0544|I0554,2024-01-30 16:35:03
ORD00818,U0058,I0548|I0549|I0554,2024-12-24 13:41:38
ORD00819,U0098,I0076|I0066|I0070|I0073,2024-12-11 20:47:48
ORD00820,U0078,I0337|I0340|I0343,2024-07-23 19:47:02
ORD00821,U0222,I0029|I0017|I0027,2024-11-17 12:00:40
ORD00822,U0116,I0330|I0318|I0328,2024-09-18 19:34:09
ORD00823,U0235,I0201|I0192|I0194|I0197,2024-10-27 08:19:27
ORD00824,U0093,I0099|I0100|I0103,2024-07-28 12:04:31
ORD00825,U0168,I0318|I0331,2024-04-27 08:17:27
ORD00826,U0120,I0215|I0205|I0210|I0212,2024-11-19 21:01:32
ORD00827,U0228,I0207|I0210,2024-06-04 08:49:37
ORD00828,U0195,I0606|I0596|I0602|I0605,2024-10-08 14:10:01
ORD00829,U0108,I0122|I0112,2024-06-10 08:05:19
ORD00830,U0260,I0375|I0367|I0372,2024-01-03 12:26:37
ORD00831,U0205,I0097|I0100,2024-06-17 21:41:39
ORD00832,U0154,I0219|I0226|I0226|I0228,2024-12-06 13:17:10
ORD00833,U0166,I0034|I0038|I0043,2024-01-04 08:09:22
ORD00834,U0072,I0494|I0487|I0488|I0493,2024-09-13 11:39:15
ORD00835,U0213,I0168|I0160|I0165,2024-10-15 19:42:50
ORD00836,U0093,I0364|I0369|I0377,2024-07-12 09:25:08
ORD00837,U0192,I0261|I0250|I0264,2024-01-12 20:02:36
ORD00838,U0074,I0414|I0421|I0424,2024-07-22 08:06:42
ORD00839,U0008,I0349|I0355|I0362,2024-02-13 22:29:33
ORD00840,U0213,I0555|I0546|I0553,2024-07-01 20:16:08
ORD00841,U0066,I0319|I0328,2024-09-16 18:30:14
ORD00842,U0253,I0575|I0584|I0585,2024-11-08 21:14:52
ORD00843,U0043,I0097|I0105,2024-02-10 09:16:52
ORD00844,U0095,I0305|I0309,2024-08-17 14:36:43
ORD00845,U0137,I0127|I0132,2024-02-26 16:59:28
ORD00846,U0018,I0390|I0380|I0393,2024-02-25 17:53:55
ORD00847,U0122,I0156|I0164,2024-07-06 20:12:39
ORD00848,U0296,I0406|I0398|I0405,2024-04-12 15:07:00
ORD00849,U0144,I0515|I0527,2024-04-09 12:55:23
ORD00850,U0250,I0570|I0561|I0569,2024-04-12 06:23:50
ORD00851,U0219,I0028|I0017,2024-03-29 22:53:32
ORD00852,U0057,I0122|I0111|I0124,2024-04-29 13:35:50
ORD00853,U0043,I0517|I0519|I0522,2024-11-22 18:49:12
ORD00854,U0009,I0190|I0199,2024-08-21 19:36:56
ORD00855,U0272,I0533|I0535|I0539,2024-03-30 18:33:11
ORD00856,U0086,I0365|I0371|I0374,2024-11-29 17:53:31
ORD00857,U0078,I0556|I0545,2024-04-18 05:25:31
ORD00858,U0152,I0382|I0394,2024-06-30 12:46:53
ORD00859,U0154,I0005|I0008|I0010,2024-12-24 18:38:10
ORD00860,U0035,I0060|I0049|I0056|I0057,2024-10-23 22:15:21
ORD00861,U0201,I0169|I0160|I0170,2024-04-06 19:04:15
ORD00862,U0116,I0268|I0271|I0278,2024-10-14 16:43:02
ORD00863,U0078,I0216|I0206|I0212,2024-09-04 07:19:06
ORD00864,U0269,I0107|I0096|I0102|I0104,2024-04-26 19:34:29
ORD00865,U0233,I0142|I0146|I0148,2024-05-28 20:16:13
ORD00866,U0058,I0479|I0471|I0477,2024-03-28 14:05:06
ORD00867,U0186,I0237|I0241|I0249,2024-06-12 05:06:15
ORD00868,U0144,I0270|I0285,2024-05-07 13:53:52
ORD00869,U0129,I0349|I0356|I0358,2024-04-04 16:14:24
ORD00870,U0223,I0270|I0274|I0278,2024-08-23 20:24:01
ORD00871,U0266,I0379|I0386|I0389,2024-02-08 16:07:06
ORD00872,U0123,I0376|I0367|I0377,2024-05-14 17:28:43
ORD00873,U0236,I0574|I0583|I0594,2024-10-16 19:42:00
ORD00874,U0014,I0215|I0206|I0217,2024-04-23 21:51:03
ORD00875,U0015,I0470|I0474|I0482,2024-05-16 22:15:18
ORD00876,U0142,I0465|I0456|I0460|I0463,2024-04-12 19:10:23
ORD00877,U0108,I0571|I0562|I0565|I0567,2024-11-24 14:05:34
ORD00878,U0171,I0360|I0351|I0363,2024-02-09 21:05:02
ORD00879,U0208,I0329|I0320|I0331,2024-04-12 20:31:00
ORD00880,U0180,I0346|I0334|I0339|I0343,2024-01-07 07:37:12
ORD00881,U0159,I0517|I0523,2024-10-20 15:11:46
ORD00882,U0204,I0626|I0634,2024-02-05 18:58:52
ORD00883,U0208,I0252|I0257|I0259,2024-06-03 08:24:27
ORD00884,U0054,I0298|I0288|I0300,2024-06-20 19:15:05
ORD00885,U0281,I0142|I0148,2024-07-11 09:44:29
ORD00886,U0113,I0237|I0241|I0248,2024-02-26 01:15:32
ORD00887,U0011,I0638|I0628|I0636,2024-08-02 23:12:00
ORD00888,U0212,I0176|I0180|I0187,2024-10-17 10:50:47
ORD00889,U0187,I0262|I0251|I0259,2024-07-28 12:44:18
ORD00890,U0069,I0318|I0323|I0331,2024-12-22 19:32:41
ORD00891,U0244,I0548|I0549,2024-10-06 12:44:36
ORD00892,U0284,I0230|I0222|I0229,2024-06-19 14:27:11
ORD00893,U0034,I0159|I0161|I0166,2024-07-04 20:09:49
ORD00894,U0033,I0351|I0356|I0358,2024-12-14 18:45:19
ORD00895,U0252,I0433|I0444,2024-03-24 18:19:52
ORD00896,U0276,I0306|I0309,2024-06-07 08:34:18
ORD00897,U0162,I0001|I0008|I0006|I0010,2024-08-26 06:26:03
ORD00898,U0083,I0192|I0194|I0197,2024-01-12 17:31:38
ORD00899,U0062,I0336|I0341|I0343,2024-05-28 18:08:13
ORD00900,U0176,I0174|I0178|I0183,2024-06-16 20:31:15
ORD00901,U0047,I0173|I0178,2024-05-16 23:40:39
ORD00902,U0042,I0345|I0337|I0343,2024-01-08 20:03:55
ORD00903,U0286,I0048|I0057,2024-01-01 22:33:52
ORD00904,U0007,I0003|I0006,2024-11-06 21:36:46
ORD00905,U0192,I0075|I0068,2024-07-12 08:13:23
ORD00906,U0177,I0096|I0102|I0109,2024-08-10 08:28:41
ORD00907,U0091,I0516|I0518|I0524,2024-01-16 21:56:08
ORD00908,U0062,I0302|I0316,2024-09-22 08:33:12
ORD00909,U0086,I0106|I0099|I0104,2024-12-30 13:42:59
ORD00910,U0281,I0390|I0383|I0384|I0388,2024-04-05 12:15:25
ORD00911,U0252,I0200|I0190|I0193|I0198,2024-11-10 20:42:15
ORD00912,U0051,I0531|I0536|I0539,2024-08-11 18:33:50
ORD00913,U0202,I0556|I0546|I0557,2024-06-22 19:18:23
ORD00914,U0219,I0406|I0398|I0403,2024-07-09 07:35:59
ORD00915,U0248,I0628|I0632,2024-10-26 18:03:30
ORD00916,U0271,I0033|I0039|I0043,2024-10-17 20:34:48
ORD00917,U0089,I0321|I0326,2024-01-19 22:24:22
ORD00918,U0097,I0360|I0352,2024-10-13 14:54:33
ORD00919,U0092,I0513|I0519,2024-02-08 13:11:29
ORD00920,U0114,I0318|I0325|I0326,2024-08-09 17:00:37
ORD00921,U0024,I0379|I0385|I0387,2024-12-17 09:52:47
ORD00922,U0170,I0173|I0179|I0180|I0181,2024-03-01 08:15:48
ORD00923,U0133,I0437|I0445,2024-04-30 09:56:44
ORD00924,U0140,I0414|I0423,2024-05-26 10:57:22
ORD00925,U0098,I0498|I0505,2024-09-25 12:44:00
ORD00926,U0230,I0126|I0133,2024-09-04 07:10:07
ORD00927,U0251,I0066|I0069|I0074,2024-04-09 22:45:43
ORD00928,U0204,I0299|I0290|I0296,2024-02-12 19:25:09
ORD00929,U0104,I0092|I0080|I0093,2024-07-20 23:30:44
ORD00930,U0246,I0095|I0101|I0103,2024-02-02 19:51:59
ORD00931,U0035,I0246|I0237|I0244,2024-02-25 13:49:27
ORD00932,U0022,I0525|I0514|I0520|I0522,2024-08-08 01:09:46
ORD00933,U0175,I0252|I0264,2024-03-18 20:03:13
ORD00934,U0201,I0381|I0386|I0387,2024-03-28 08:12:52
ORD00935,U0172,I0456|I0458|I0461,2024-08-21 14:35:41
ORD00936,U0083,I0152|I0140|I0148,2024-09-22 06:33:07
ORD00937,U0274,I0028|I0019|I0032,2024-01-15 08:06:37
ORD00938,U0120,I0005|I0006,2024-11-12 12:36:24
ORD00939,U0062,I0230|I0223|I0226|I0227,2024-01-08 17:58:14
ORD00940,U0244,I0590|I0579|I0594,2024-05-30 13:47:51
ORD00941,U0122,I0510|I0501|I0512,2024-12-23 20:29:34
ORD00942,U0275,I0366|I0371|I0374,2024-03-08 22:24:21
ORD00943,U0132,I0156|I0164,2024-11-08 11:02:33
ORD00944,U0236,I0415|I0422,2024-06-05 07:40:51
ORD00945,U0181,I0216|I0207,2024-06-27 18:28:51
ORD00946,U0199,I0470|I0475,2024-06-03 08:33:34
ORD00947,U0106,I0235|I0241|I0242,2024-12-05 18:50:57
ORD00948,U0187,I0480|I0470|I0478,2024-04-29 09:09:21
ORD00949,U0241,I0107|I0097|I0105,2024-06-09 05:13:00
ORD00950,U0173,I0562|I0566|I0573,2024-03-11 21:01:35
ORD00951,U0106,I0390|I0381|I0393,2024-09-06 12:50:21
ORD00952,U0102,I0152|I0141|I0150,2024-02-20 19:31:41
ORD00953,U0162,I0629|I0639,2024-09-19 07:04:31
ORD00954,U0044,I0017|I0023|I0025,2024-05-01 21:22:38
ORD00955,U0104,I0152|I0140,2024-05-20 17:20:47
ORD00956,U0299,I0464|I0455|I0462,2024-02-09 19:10:37
ORD00957,U0078,I0169|I0157|I0167,2024-08-02 17:44:24
ORD00958,U0144,I0235|I0240|I0239|I0242,2024-02-22 20:30:18
ORD00959,U0195,I0483|I0490|I0493,2024-11-13 12:28:44
ORD00960,U0300,I0574|I0583|I0587,2024-08-08 12:21:01
ORD00961,U0044,I0365|I0371|I0373,2024-09-20 12:09:31
ORD00962,U0057,I0201|I0190,2024-10-03 19:50:17
ORD00963,U0043,I0361|I0349|I0363,2024-03-06 12:16:17
ORD00964,U0099,I0517|I0518,2024-07-09 11:10:13
ORD00965,U0027,I0236|I0243,2024-06-17 12:17:00
ORD00966,U0235,I0079|I0085,2024-12-04 22:39:07
ORD00967,U0006,I0577|I0581|I0586,2024-05-27 12:44:52
ORD00968,U0139,I0383|I0385,2024-06-07 18:08:58
ORD00969,U0178,I0262|I0252|I0264,2024-02-02 21:58:09
ORD00970,U0044,I0317|I0322|I0331,2024-11-09 19:15:37
ORD00971,U0039,I0173|I0178,2024-10-29 07:04:24
ORD00972,U0005,I0003|I0012,2024-01-28 08:40:54
ORD00973,U0236,I0345|I0337|I0338|I0342,2024-09-30 08:58:53
ORD00974,U0042,I0172|I0177|I0182,2024-11-03 18:13:44
ORD00975,U0026,I0083|I0085,2024-07-03 19:45:09
ORD00976,U0254,I0613|I0619,2024-10-11 18:55:39
ORD00977,U0032,I0453|I0458|I0461,2024-03-17 10:56:19
ORD00978,U0278,I0579|I0580|I0580|I0585,2024-03-13 20:48:51
ORD00979,U0117,I0160|I0163,2024-08-21 12:40:21
ORD00980,U0147,I0216|I0205|I0214,2024-01-03 18:43:12
ORD00981,U0129,I0298|I0286|I0291|I0296,2024-05-13 20:03:35
ORD00982,U0221,I0082|I0088,2024-10-16 18:20:13
ORD00983,U0186,I0610|I0620,2024-04-11 18:20:34
ORD00984,U0231,I0352|I0358,2024-07-13 11:31:39
ORD00985,U0161,I0545|I0549|I0551|I0552,2024-01-17 18:26:16
ORD00986,U0239,I0471|I0474,2024-12-03 20:28:22
ORD00987,U0079,I0143|I0149,2024-01-10 20:50:06
ORD00988,U0163,I0380|I0385|I0385|I0387,2024-06-17 19:42:36
ORD00989,U0089,I0151|I0141|I0154,2024-01-07 12:09:35
ORD00990,U0139,I0336|I0341|I0342,2024-04-27 19:54:52
ORD00991,U0282,I0268|I0275|I0278,2024-07-12 13:54:34
ORD00992,U0082,I0509|I0500,2024-02-11 06:20:55
ORD00993,U0245,I0611|I0617,2024-07-10 19:26:20
ORD00994,U0252,I0013|I0003,2024-09-01 11:39:14
ORD00995,U0220,I0626|I0632|I0635,2024-10-08 12:44:21
ORD00996,U0066,I0376|I0364|I0377,2024-06-22 12:15:15
ORD00997,U0108,I0319|I0328,2024-12-21 20:30:45
ORD00998,U0144,I0561|I0566,2024-03-16 20:20:55
ORD00999,U0294,I0223|I0227,2024-11-11 19:31:34
ORD01000,U0289,I0485|I0490|I0496,2024-05-29 19:39:31
ORD01001,U0165,I0092|I0083|I0090,2024-04-13 06:24:04
ORD01002,U0099,I0267|I0276,2024-07-02 09:40:29
ORD01003,U0002,I0321|I0325,2024-08-06 08:17:53
ORD01004,U0164,I0502|I0505|I0503|I0508,2024-03-14 22:38:18
ORD01005,U0062,I0287|I0297,2024-11-06 14:15:27
ORD01006,U0193,I0432|I0444,2024-04-11 09:18:00
ORD01007,U0013,I0020|I0025,2024-05-23 13:58:45
ORD01008,U0076,I0464|I0457|I0467,2024-10-21 11:59:27
ORD01009,U0141,I0472|I0474,2024-04-20 08:08:53
ORD01010,U0166,I0019|I0024|I0026,2024-05-23 08:53:12
ORD01011,U0193,I0562|I0566|I0568,2024-06-02 08:39:42
ORD01012,U0018,I0290|I0291,2024-12-09 14:46:34
ORD01013,U0068,I0498|I0503|I0506,2024-02-09 14:45:08
ORD01014,U0121,I0092|I0081|I0084|I0089,2024-05-13 19:31:00
ORD01015,U0206,I0547|I0551|I0553,2024-09-26 08:52:59
ORD01016,U0046,I0215|I0206|I0212,2024-04-02 05:43:53
ORD01017,U0286,I0018|I0023|I0025,2024-01-17 09:14:27
ORD01018,U0079,I0137|I0128|I0135,2024-09-17 12:32:14
ORD01019,U0149,I0501|I0505|I0506,2024-01-16 08:02:20
ORD01020,U0107,I0230|I0221|I0232,2024-08-13 20:32:54
ORD01021,U0085,I0399|I0400|I0405,2024-10-16 17:17:56
ORD01022,U0285,I0375|I0365|I0374,2024-04-09 12:20:10
ORD01023,U0134,I0397|I0401|I0403,2024-06-22 17:41:57
ORD01024,U0263,I0395|I0400|I0404,2024-11-08 07:59:57
ORD01025,U0106,I0201|I0189|I0195|I0198,2024-06-29 05:40:26
ORD01026,U0118,I0576|I0581|I0594,2024-01-10 11:13:55
ORD01027,U0093,I0336|I0340|I0343,2024-05-31 16:10:41
ORD01028,U0252,I0495|I0484|I0496,2024-08-27 07:00:15
ORD01029,U0016,I0625|I0632|I0634,2024-04-27 13:46:36
ORD01030,U0291,I0158|I0162|I0167,2024-03-15 22:47:57
ORD01031,U0191,I0064|I0070,2024-10-26 03:07:20
ORD01032,U0155,I0141|I0145,2024-12-23 17:43:18
ORD01033,U0016,I0483|I0488|I0493,2024-04-01 13:56:15
ORD01034,U0297,I0559|I0566,2024-08-06 13:46:24
ORD01035,U0079,I0207|I0209|I0212,2024-07-12 13:29:20
ORD01036,U0212,I0176|I0177|I0177|I0182,2024-10-02 10:30:49
ORD01037,U0104,I0267|I0272|I0276,2024-09-24 13:00:19
ORD01038,U0023,I0577|I0584|I0594,2024-07-08 19:45:26
ORD01039,U0025,I0290|I0293,2024-06-26 19:34:40
ORD01040,U0084,I0366|I0374,2024-08-01 15:20:59
ORD01041,U0178,I0414|I0419|I0423,2024-05-14 19:09:55
ORD01042,U0254,I0556|I0544|I0554,2024-04-08 20:21:52
ORD01043,U0184,I0479|I0468|I0477,2024-07-15 21:40:03
ORD01044,U0075,I0611|I0617,2024-02-24 22:50:57
ORD01045,U0106,I0398|I0400|I0405,2024-07-30 04:06:01
ORD01046,U0295,I0005|I0007,2024-10-14 09:45:31
ORD01047,U0172,I0500|I0505|I0507,2024-07-22 18:25:28
ORD01048,U0113,I0577|I0580,2024-03-28 17:29:47
ORD01049,U0080,I0192|I0197,2024-07-11 08:04:32
ORD01050,U0157,I0246|I0235|I0241|I0244,2024-02-07 22:12:29
ORD01051,U0013,I0017|I0022|I0025,2024-11-17 19:04:07
ORD01052,U0035,I0261|I0253|I0259,2024-09-13 12:44:10
ORD01053,U0154,I0334|I0340,2024-06-15 17:58:55
ORD01054,U0245,I0638|I0625|I0640,2024-05-04 12:16:05
ORD01055,U0243,I0390|I0382|I0386|I0389,2024-08-28 20:43:43
ORD01056,U0252,I0020|I0022,2024-07-03 09:05:33
ORD01057,U0043,I0234|I0243,2024-05-27 19:15:08
ORD01058,U0241,I0037|I0040,2024-11-27 13:39:33
ORD01059,U0211,I0096|I0102|I0105,2024-10-30 02:32:31
ORD01060,U0228,I0076|I0066|I0074,2024-08-07 12:59:50
ORD01061,U0275,I0048|I0056,2024-03-08 20:18:22
ORD01062,U0084,I0035|I0039,2024-02-12 18:53:27
ORD01063,U0040,I0200|I0188|I0198,2024-10-28 18:41:18
ORD01064,U0091,I0380|I0384|I0388,2024-12-02 18:54:21
ORD01065,U0253,I0219|I0227,2024-03-04 08:47:45
ORD01066,U0289,I0029|I0020|I0025,2024-10-02 14:44:55
ORD01067,U0189,I0547|I0549|I0553,2024-06-18 15:27:40
ORD01068,U0035,I0066|I0070|I0073,2024-07-15 21:58:27
ORD01069,U0071,I0110|I0117|I0118,2024-09-15 08:42:09
ORD01070,U0280,I0376|I0364|I0377,2024-08-14 12:35:23
ORD01071,U0021,I0221|I0224|I0229,2024-09-29 12:23:38
ORD01072,U0031,I0525|I0517|I0520|I0524,2024-07-25 00:56:53
ORD01073,U0071,I0320|I0331,2024-03-14 18:30:14
ORD01074,U0246,I0207|I0211|I0214,2024-08-31 15:51:28
ORD01075,U0037,I0144|I0148,2024-11-30 19:30:49
ORD01076,U0263,I0075|I0067|I0078,2024-12-30 09:16:42
ORD01077,U0209,I0060|I0050|I0056|I0057,2024-03-15 18:59:54
ORD01078,U0192,I0406|I0396|I0404,2024-08-26 21:32:38
ORD01079,U0209,I0160|I0163|I0166,2024-10-27 06:38:23
ORD01080,U0016,I0411|I0418|I0424,2024-01-16 12:25:50
ORD01081,U0144,I0470|I0477,2024-11-20 15:20:32
ORD01082,U0158,I0495|I0487|I0493,2024-08-05 21:38:39
ORD01083,U0294,I0136|I0128|I0134,2024-07-25 14:40:18
ORD01084,U0033,I0262|I0252|I0263,2024-05-01 21:20:09
ORD01085,U0123,I0576|I0581|I0586,2024-07-20 18:17:01
ORD01086,U0136,I0621|I0614|I0618,2024-11-07 19:18:35
ORD01087,U0098,I0368|I0373,2024-03-20 19:37:49
ORD01088,U0267,I0174|I0178|I0181,2024-08-20 19:53:14
ORD01089,U0173,I0175|I0179|I0186,2024-06-01 13:17:30
ORD01090,U0291,I0479|I0470|I0478,2024-01-28 10:24:25
ORD01091,U0282,I0396|I0401|I0404,2024-06-25 21:35:32
ORD01092,U0299,I0282|I0266|I0277,2024-01-20 23:40:22
ORD01093,U0251,I0613|I0616|I0619,2024-02-16 08:07:21
ORD01094,U0186,I0048|I0055|I0057,2024-08-01 15:08:13
ORD01095,U0050,I0437|I0442|I0443,2024-01-04 07:39:55
ORD01096,U0142,I0298|I0287|I0297,2024-08-22 16:17:51
ORD01097,U0283,I0350|I0354|I0363,2024-10-23 09:51:42
ORD01098,U0197,I0215|I0205|I0212,2024-08-09 18:17:42
ORD01099,U0249,I0113|I0115|I0118,2024-06-27 17:57:43
ORD01100,U0089,I0219|I0224,2024-09-17 11:37:46
ORD01101,U0198,I0453|I0458|I0462,2024-10-03 13:09:56
ORD01102,U0197,I0637|I0629|I0632|I0634,2024-12-08 18:27:49
ORD01103,U0269,I0336|I0341,2024-11-21 13:13:00
ORD01104,U0191,I0144|I0150,2024-09-22 12:50:00
ORD01105,U0207,I0206|I0210|I0213,2024-04-06 18:57:50
ORD01106,U0119,I0391|I0379|I0393,2024-09-07 18:28:02
ORD01107,U0012,I0391|I0382|I0393,2024-07-09 13:28:19
ORD01108,U0218,I0092|I0080|I0089,2024-05-22 21:16:38
ORD01109,U0246,I0160|I0162|I0165,2024-05-28 12:48:59
ORD01110,U0118,I0080|I0088,2024-08-27 18:03:33
ORD01111,U0129,I0092|I0082|I0088,2024-04-23 08:27:56
ORD01112,U0143,I0174|I0178|I0183,2024-01-26 09:05:28
ORD01113,U0027,I0579|I0585,2024-04-21 15:27:09
ORD01114,U0086,I0235|I0241|I0244,2024-01-30 06:06:04
ORD01115,U0138,I0185|I0176|I0182,2024-10-07 08:34:30
ORD01116,U0096,I0246|I0235|I0240|I0244,2024-11-11 02:32:33
ORD01117,U0030,I0395|I0401|I0403,2024-11-24 08:55:52
ORD01118,U0189,I0591|I0575|I0583|I0585,2024-10-02 07:15:45
ORD01119,U0083,I0621|I0613|I0615|I0618,2024-04-21 13:51:16
ORD01120,U0251,I0408|I0398|I0410,2024-09-08 21:22:10
ORD01121,U0296,I0408|I0398|I0400|I0405,2024-11-29 14:51:27
ORD01122,U0019,I0206|I0210|I0212,2024-08-22 21:24:36
ORD01123,U0193,I0304|I0308,2024-03-18 19:13:41
ORD01124,U0223,I0153|I0141|I0150,2024-11-04 11:15:03
ORD01125,U0073,I0020|I0032,2024-07-08 12:45:46
ORD01126,U0239,I0367|I0369|I0378,2024-01-20 09:09:54
ORD01127,U0052,I0288|I0294,2024-12-19 12:41:53
ORD01128,U0222,I0076|I0068|I0078,2024-01-16 21:55:53
ORD01129,U0246,I0065|I0070,2024-12-24 14:00:32
ORD01130,U0052,I0144|I0149,2024-01-24 02:13:13
ORD01131,U0267,I0367|I0370|I0374,2024-06-27 12:20:22
ORD01132,U0146,I0368|I0371|I0372,2024-12-09 13:31:29
ORD01133,U0222,I0517|I0518|I0522,2024-12-28 19:21:06
ORD01134,U0226,I0266|I0271|I0278,2024-05-29 10:14:35
ORD01135,U0022,I0034|I0038,2024-06-11 16:26:44
ORD01136,U0078,I0448|I0433|I0443,2024-01-26 08:02:31
ORD01137,U0136,I0494|I0486|I0488|I0493,2024-07-10 07:42:16
ORD01138,U0236,I0346|I0336|I0348,2024-08-12 15:56:05
ORD01139,U0170,I0330|I0321|I0326,2024-03-28 19:27:35
ORD01140,U0248,I0269|I0273,2024-07-12 22:25:46
ORD01141,U0027,I0597|I0600,2024-11-16 08:14:47
ORD01142,U0113,I0245|I0234|I0244,2024-07-29 14:26:24
ORD01143,U0205,I0427|I0411|I0429,2024-03-04 17:59:05
ORD01144,U0034,I0317|I0332,2024-06-06 19:09:32
ORD01145,U0213,I0485|I0489|I0488|I0492,2024-04-01 13:31:06
ORD01146,U0203,I0598|I0600|I0604,2024-04-04 17:10:21
ORD01147,U0173,I0169|I0156|I0170,2024-02-01 07:47:46
ORD01148,U0005,I0152|I0140|I0150,2024-09-08 08:03:57
ORD01149,U0002,I0484|I0489|I0492,2024-09-20 18:52:45
ORD01150,U0183,I0575|I0582|I0586,2024-02-08 04:37:00
ORD01151,U0043,I0044|I0034|I0047,2024-11-16 23:06:58
ORD01152,U0137,I0599|I0600,2024-11-19 17:08:30
ORD01153,U0034,I0480|I0469|I0481,2024-07-11 17:44:40
ORD01154,U0146,I0035|I0040,2024-03-04 18:51:00
ORD01155,U0232,I0361|I0351,2024-09-10 18:25:46
ORD01156,U0215,I0246|I0236|I0239|I0242,2024-06-28 08:09:15
ORD01157,U0019,I0079|I0085|I0088,2024-06-23 07:46:22
ORD01158,U0038,I0299|I0290|I0292|I0297,2024-07-06 13:07:25
ORD01159,U0283,I0596|I0601,2024-09-11 03:10:23
ORD01160,U0201,I0188|I0193,2024-11-22 20:16:09
ORD01161,U0200,I0185|I0175|I0179|I0182,2024-02-21 19:47:53
ORD01162,U0217,I0329|I0317,2024-12-03 19:16:25
ORD01163,U0213,I0092|I0080|I0088,2024-12-09 08:32:10
ORD01164,U0254,I0270|I0283,2024-06-11 03:00:57
ORD01165,U0185,I0346|I0335|I0338|I0342,2024-07-06 19:32:24
ORD01166,U0104,I0208|I0210|I0214,2024-05-31 20:37:47
ORD01167,U0101,I0446|I0435|I0442|I0445,2024-04-22 15:48:50
ORD01168,U0234,I0033|I0039,2024-08-16 17:50:46
ORD01169,U0033,I0495|I0486|I0490|I0493,2024-03-30 21:53:56
ORD01170,U0115,I0453|I0458,2024-09-16 21:16:23
ORD01171,U0203,I0251|I0255|I0258,2024-11-15 13:25:05
ORD01172,U0002,I0432|I0440|I0445,2024-11-12 20:26:17
ORD01173,U0009,I0515|I0518|I0528,2024-08-13 09:42:04
ORD01174,U0283,I0298|I0289|I0293|I0295,2024-07-30 18:00:27
ORD01175,U0220,I0080|I0087,2024-01-09 07:59:11
ORD01176,U0133,I0158|I0166,2024-03-03 21:13:29
ORD01177,U0084,I0366|I0370|I0374,2024-09-25 15:04:58
ORD01178,U0040,I0140|I0145|I0154,2024-10-29 19:48:57
ORD01179,U0139,I0175|I0179|I0181,2024-07-13 19:49:14
ORD01180,U0274,I0480|I0472|I0477,2024-11-01 07:50:45
ORD01181,U0048,I0350|I0356|I0358,2024-10-08 01:58:41
ORD01182,U0045,I0066|I0069|I0074,2024-11-12 18:12:55
ORD01183,U0246,I0352|I0355|I0357,2024-11-09 14:51:55
ORD01184,U0207,I0208|I0211|I0213,2024-10-27 16:44:04
ORD01185,U0035,I0222|I0226|I0233,2024-05-30 12:23:12
ORD01186,U0102,I0034|I0038|I0043,2024-05-18 01:42:05
ORD01187,U0191,I0345|I0335|I0343,2024-02-03 08:06:25
ORD01188,U0267,I0570|I0562|I0565|I0569,2024-08-02 18:21:38
ORD01189,U0062,I0638|I0626|I0632|I0636,2024-11-15 13:02:45
ORD01190,U0055,I0049|I0063,2024-11-12 12:09:47
ORD01191,U0144,I0333|I0340|I0347,2024-07-12 11:19:18
ORD01192,U0209,I0019|I0023|I0025,2024-10-03 07:08:35
ORD01193,U0269,I0621|I0612|I0623,2024-02-06 22:49:47
ORD01194,U0171,I0318|I0323|I0331,2024-03-30 05:19:01
ORD01195,U0282,I0544|I0558,2024-12-17 15:19:33
ORD01196,U0052,I0406|I0397|I0401|I0403,2024-09-12 12:47:57
ORD01197,U0027,I0129|I0130|I0133,2024-12-12 13:30:20
ORD01198,U0185,I0407|I0396|I0405,2024-12-30 15:50:22
ORD01199,U0127,I0080|I0084,2024-09-01 19:30:40
ORD01200,U0112,I0129|I0130|I0134,2024-01-03 18:56:25
ORD01201,U0140,I0589|I0577|I0584|I0585,2024-01-24 13:39:02
ORD01202,U0199,I0201|I0190|I0194|I0198,2024-08-17 12:37:36
ORD01203,U0148,I0265|I0274|I0277,2024-09-08 17:00:40
ORD01204,U0059,I0408|I0397|I0409,2024-08-11 08:41:02
ORD01205,U0298,I0121|I0111,2024-10-03 04:15:09
ORD01206,U0024,I0065|I0072,2024-04-17 22:36:26
ORD01207,U0002,I0204|I0213,2024-02-11 12:28:49
ORD01208,U0074,I0140|I0149,2024-05-06 22:24:35
ORD01209,U0266,I0280|I0270|I0276,2024-03-21 12:12:34
ORD01210,U0125,I0510|I0501|I0506,2024-04-07 00:29:50
ORD01211,U0082,I0060|I0051|I0055|I0057,2024-06-09 07:18:28
ORD01212,U0073,I0289|I0291,2024-07-02 19:33:36
ORD01213,U0034,I0607|I0596|I0604,2024-03-19 18:17:50
ORD01214,U0245,I0382|I0384,2024-06-19 21:01:39
ORD01215,U0121,I0502|I0505,2024-09-06 21:07:03
ORD01216,U0138,I0375|I0366|I0374,2024-07-19 19:47:50
ORD01217,U0207,I0017|I0022|I0026,2024-04-07 19:48:50
ORD01218,U0285,I0637|I0628|I0639,2024-02-27 22:20:41
ORD01219,U0284,I0425|I0414|I0429,2024-03-13 07:19:56
ORD01220,U0218,I0252|I0260,2024-03-18 17:42:52
ORD01221,U0290,I0577|I0583,2024-08-30 08:15:23
ORD01222,U0167,I0035|I0039|I0046,2024-07-25 12:14:44
ORD01223,U0221,I0559|I0564|I0569,2024-12-13 08:26:44
ORD01224,U0023,I0215|I0204|I0214,2024-08-01 13:08:29
ORD01225,U0114,I0204|I0209|I0213,2024-01-05 21:26:53
ORD01226,U0062,I0282|I0266|I0283,2024-05-12 21:39:09
ORD01227,U0061,I0091|I0079|I0087|I0090,2024-04-17 15:42:12
ORD01228,U0004,I0509|I0501|I0504|I0506,2024-02-04 14:14:19
ORD01229,U0295,I0270|I0273|I0277,2024-10-19 13:44:12
ORD01230,U0085,I0021|I0025,2024-09-16 10:11:25
ORD01231,U0081,I0220|I0227,2024-11-17 09:08:05
ORD01232,U0152,I0471|I0473|I0478,2024-02-22 03:46:15
ORD01233,U0105,I0376|I0367|I0377,2024-09-24 06:57:08
ORD01234,U0082,I0484|I0489,2024-01-14 14:43:50
ORD01235,U0216,I0096|I0100|I0103,2024-02-29 12:27:28
ORD01236,U0118,I0160|I0163,2024-12-10 13:53:12
ORD01237,U0273,I0577|I0583|I0585,2024-08-25 20:28:18
ORD01238,U0143,I0318|I0322,2024-03-17 12:24:56
ORD01239,U0275,I0472|I0481,2024-11-05 18:57:00
ORD01240,U0028,I0223|I0227,2024-08-05 13:58:57
ORD01241,U0298,I0126|I0132|I0133,2024-11-06 08:58:15
ORD01242,U0026,I0517|I0518|I0527,2024-07-28 15:21:15
ORD01243,U0269,I0546|I0550|I0554,2024-02-22 19:02:20
ORD01244,U0219,I0499|I0503|I0511,2024-09-28 17:33:35
ORD01245,U0076,I0638|I0629|I0634,2024-10-13 19:29:43
ORD01246,U0085,I0267|I0271|I0271|I0276,2024-10-29 02:42:12
ORD01247,U0013,I0018|I0024|I0027,2024-08-15 07:44:46
ORD01248,U0098,I0494|I0486,2024-10-31 20:41:39
ORD01249,U0191,I0060|I0049|I0055|I0058,2024-05-27 18:50:21
ORD01250,U0259,I0299|I0287|I0291|I0297,2024-11-11 08:42:37
ORD01251,U0296,I0556|I0548|I0552,2024-02-28 08:48:54
ORD01252,U0148,I0525|I0515|I0528,2024-07-01 04:27:33
ORD01253,U0240,I0017|I0022|I0027,2024-04-11 20:24:19
ORD01254,U0177,I0337|I0340|I0344,2024-02-28 12:36:55
ORD01255,U0063,I0246|I0238|I0242,2024-05-04 12:03:21
ORD01256,U0188,I0314|I0302|I0309|I0312,2024-01-16 17:03:39
ORD01257,U0209,I0208|I0211|I0214,2024-06-27 17:50:52
ORD01258,U0009,I0637|I0626|I0630|I0634,2024-04-14 19:59:35
ORD01259,U0063,I0399|I0400,2024-12-11 15:33:42
ORD01260,U0003,I0262|I0251|I0264,2024-07-12 20:15:53
ORD01261,U0265,I0189|I0193,2024-06-04 10:09:18
ORD01262,U0034,I0144|I0150,2024-04-24 18:33:27
ORD01263,U0293,I0313|I0302|I0310,2024-12-07 13:45:54
ORD01264,U0067,I0368|I0373,2024-03-24 07:49:11
ORD01265,U0129,I0091|I0082|I0089,2024-09-02 12:22:23
ORD01266,U0192,I0286|I0292|I0301,2024-11-02 09:43:05
ORD01267,U0189,I0345|I0335|I0342,2024-12-02 21:01:48
ORD01268,U0044,I0486|I0489,2024-12-01 10:36:39
ORD01269,U0272,I0513|I0527,2024-10-10 07:15:50
ORD01270,U0285,I0526|I0515|I0524,2024-02-22 13:53:11
ORD01271,U0032,I0333|I0340|I0342,2024-03-20 21:13:54
ORD01272,U0182,I0201|I0192|I0195|I0199,2024-02-17 12:14:14
ORD01273,U0073,I0099|I0101|I0105,2024-06-30 18:50:45
ORD01274,U0064,I0545|I0549|I0554,2024-02-05 17:12:02
ORD01275,U0253,I0206|I0209|I0212,2024-12-08 12:02:12
ORD01276,U0040,I0083|I0094,2024-10-21 22:24:05
ORD01277,U0049,I0480|I0472,2024-10-06 20:57:09
ORD01278,U0005,I0002|I0015,2024-11-10 03:06:08
ORD01279,U0172,I0412|I0421|I0424,2024-12-24 01:44:50
ORD01280,U0194,I0346|I0335|I0344,2024-04-20 19:38:07
ORD01281,U0062,I0415|I0431,2024-03-23 12:39:41
ORD01282,U0178,I0125|I0131|I0138,2024-11-09 07:33:35
ORD01283,U0295,I0288|I0292|I0295,2024-06-03 14:21:41
ORD01284,U0014,I0598|I0600|I0603,2024-11-12 18:13:04
ORD01285,U0259,I0143|I0146|I0149,2024-05-11 13:05:33
ORD01286,U0131,I0035|I0041,2024-07-20 15:47:15
ORD01287,U0022,I0376|I0365|I0378,2024-12-29 12:27:09
ORD01288,U0024,I0529|I0539,2024-02-20 13:54:36
ORD01289,U0010,I0044|I0037,2024-12-09 08:24:49
ORD01290,U0204,I0610|I0616|I0618,2024-09-22 13:20:22
ORD01291,U0109,I0106|I0097,2024-12-14 12:03:48
ORD01292,U0221,I0526|I0517|I0527,2024-07-07 17:31:35
ORD01293,U0218,I0570|I0563|I0572,2024-07-22 19:18:15
ORD01294,U0021,I0114|I0115|I0120,2024-06-22 19:21:59
ORD01295,U0153,I0247|I0238|I0244,2024-12-13 14:26:10
ORD01296,U0024,I0206|I0211|I0214,2024-02-18 05:42:30
ORD01297,U0190,I0453|I0463,2024-11-15 04:23:22
ORD01298,U0290,I0597|I0604,2024-08-10 08:01:59
ORD01299,U0232,I0261|I0253|I0264,2024-10-24 17:51:43
ORD01300,U0193,I0290|I0294|I0300,2024-12-11 14:09:29
ORD01301,U0275,I0375|I0365|I0378,2024-08-07 07:01:58
ORD01302,U0257,I0313|I0303|I0315,2024-02-12 08:49:26
ORD01303,U0115,I0299|I0289|I0291|I0296,2024-08-29 18:35:27
ORD01304,U0243,I0140|I0146,2024-10-23 13:57:13
ORD01305,U0016,I0454|I0459|I0463,2024-10-08 09:38:33
ORD01306,U0113,I0321|I0327,2024-09-09 09:33:22
ORD01307,U0071,I0571|I0559|I0565|I0568,2024-12-10 18:09:27
ORD01308,U0290,I0637|I0629|I0634,2024-06-06 16:22:48
ORD01309,U0279,I0152|I0140|I0150,2024-05-28 16:22:31
ORD01310,U0209,I0065|I0077,2024-08-06 13:27:00
ORD01311,U0051,I0153|I0142|I0147|I0149,2024-12-24 19:16:56
ORD01312,U0099,I0266|I0272,2024-08-16 19:19:00
ORD01313,U0261,I0279|I0265|I0283,2024-07-04 19:00:21
ORD01314,U0004,I0526|I0516|I0522,2024-01-22 07:48:37
ORD01315,U0199,I0513|I0519|I0524,2024-05-10 19:52:38
ORD01316,U0014,I0061|I0052,2024-01-22 17:17:46
ORD01317,U0042,I0298|I0288|I0300,2024-06-24 12:11:31
ORD01318,U0268,I0191|I0196|I0202,2024-01-20 18:14:20
ORD01319,U0144,I0268|I0274|I0277,2024-08-20 10:10:12
ORD01320,U0030,I0456|I0459|I0466,2024-08-19 08:01:50
ORD01321,U0285,I0082|I0090,2024-08-30 19:59:15
ORD01322,U0197,I0052|I0053|I0055|I0057,2024-06-03 21:43:27
ORD01323,U0274,I0251|I0255|I0258,2024-06-25 09:59:30
ORD01324,U0068,I0318|I0323,2024-05-13 21:25:12
ORD01325,U0056,I0479|I0471|I0476,2024-03-20 20:57:54
ORD01326,U0085,I0096|I0100|I0104,2024-02-13 09:27:41
ORD01327,U0122,I0515|I0519|I0521|I0523,2024-07-31 16:22:24
ORD01328,U0193,I0113|I0115|I0120,2024-07-30 11:16:40
ORD01329,U0026,I0158|I0161|I0170,2024-12-01 12:32:30
ORD01330,U0023,I0107|I0095|I0103,2024-06-24 09:16:33
ORD01331,U0053,I0406|I0396|I0404,2024-10-14 19:42:30
ORD01332,U0263,I0156|I0170,2024-11-19 08:05:02
ORD01333,U0252,I0606|I0595|I0605,2024-03-16 10:59:57
ORD01334,U0215,I0169|I0159|I0171,2024-03-31 19:55:30
ORD01335,U0119,I0544|I0551|I0552,2024-07-30 18:20:48
ORD01336,U0210,I0021|I0023,2024-10-13 02:50:46
ORD01337,U0279,I0446|I0435|I0444,2024-09-28 06:55:45
ORD01338,U0255,I0238|I0248,2024-11-30 19:23:22
ORD01339,U0002,I0390|I0380|I0387,2024-03-27 17:20:32
ORD01340,U0082,I0081|I0084|I0086|I0090,2024-06-22 21:43:24
ORD01341,U0136,I0408|I0395|I0409,2024-01-29 23:08:34
ORD01342,U0168,I0577|I0584,2024-01-16 15:34:32
ORD01343,U0138,I0247|I0238|I0243,2024-10-31 15:01:41
ORD01344,U0082,I0125|I0131|I0138,2024-08-23 18:14:39
ORD01345,U0278,I0436|I0440|I0442|I0444,2024-09-08 08:56:09
ORD01346,U0173,I0637|I0625|I0635,2024-05-14 13:34:04
ORD01347,U0260,I0479|I0471,2024-02-05 12:11:10
ORD01348,U0121,I0556|I0547|I0552,2024-07-28 19:42:41
ORD01349,U0096,I0020|I0032,2024-05-27 19:39:06
ORD01350,U0033,I0480|I0471|I0478,2024-02-28 20:36:42
ORD01351,U0224,I0525|I0514|I0523,2024-07-19 16:31:28
ORD01352,U0020,I0548|I0549,2024-06-03 17:43:43
ORD01353,U0122,I0366|I0369|I0374,2024-12-13 20:48:51
ORD01354,U0200,I0381|I0389,2024-06-26 16:01:03
ORD01355,U0064,I0160|I0162,2024-10-29 18:54:07
ORD01356,U0192,I0269|I0274,2024-06-27 16:12:10
ORD01357,U0072,I0361|I0350|I0356|I0357,2024-09-03 22:43:59
ORD01358,U0273,I0577|I0581|I0592,2024-07-31 22:59:09
ORD01359,U0294,I0096|I0101,2024-01-31 18:58:25
ORD01360,U0168,I0185|I0175|I0181,2024-12-20 21:24:02
ORD01361,U0086,I0578|I0581|I0587,2024-03-27 12:38:38
ORD01362,U0190,I0099|I0100|I0105,2024-10-02 12:23:52
ORD01363,U0014,I0510|I0502|I0507,2024-01-07 17:48:16
ORD01364,U0250,I0298|I0286|I0292|I0296,2024-08-31 17:56:29
ORD01365,U0263,I0574|I0583|I0587,2024-07-07 08:12:43
ORD01366,U0268,I0346|I0333|I0347,2024-11-21 12:25:19
ORD01367,U0158,I0082|I0084,2024-05-06 19:12:48
ORD01368,U0055,I0206|I0214,2024-12-10 09:26:24
ORD01369,U0244,I0532|I0535|I0538,2024-01-18 01:39:50
ORD01370,U0137,I0140|I0149,2024-10-25 19:02:38
ORD01371,U0182,I0184|I0176|I0183,2024-07-02 15:38:58
ORD01372,U0068,I0485|I0488|I0491,2024-11-24 14:35:42
ORD01373,U0179,I0396|I0401|I0405,2024-11-10 21:49:19
ORD01374,U0220,I0413|I0421|I0424,2024-06-10 19:28:31
ORD01375,U0276,I0454|I0458,2024-07-10 18:32:26
ORD01376,U0173,I0281|I0270|I0278,2024-06-12 22:50:43
ORD01377,U0163,I0629|I0631,2024-04-28 22:58:04
ORD01378,U0061,I0092|I0081|I0084|I0088,2024-12-28 20:56:28
ORD01379,U0021,I0035|I0039|I0043,2024-03-30 16:56:44
ORD01380,U0119,I0075|I0064,2024-11-06 12:20:43
ORD01381,U0036,I0206|I0210|I0212,2024-07-21 09:40:23
ORD01382,U0218,I0559|I0568,2024-04-27 10:33:38
ORD01383,U0269,I0629|I0633,2024-02-25 14:54:06
ORD01384,U0114,I0449|I0437|I0444,2024-09-06 12:47:05
ORD01385,U0004,I0129|I0132,2024-09-30 08:23:47
ORD01386,U0148,I0215|I0208,2024-03-25 19:11:44
ORD01387,U0279,I0096|I0103,2024-02-19 08:09:31
ORD01388,U0004,I0313|I0305|I0315,2024-12-09 07:15:30
ORD01389,U0213,I0261|I0254|I0259,2024-05-13 02:10:57
ORD01390,U0242,I0406|I0398|I0403,2024-11-01 08:22:12
ORD01391,U0246,I0470|I0475,2024-08-31 10:08:35
ORD01392,U0195,I0140|I0146|I0154,2024-08-28 07:52:38
ORD01393,U0233,I0383|I0384|I0393,2024-06-01 05:55:25
ORD01394,U0094,I0465|I0454,2024-01-25 13:13:11
ORD01395,U0102,I0464|I0457|I0460|I0463,2024-03-13 22:59:45
ORD01396,U0015,I0318|I0323|I0328,2024-06-08 20:06:41
ORD01397,U0219,I0321|I0326,2024-09-05 11:35:52
ORD01398,U0282,I0141|I0146|I0150,2024-05-21 18:15:28
ORD01399,U0296,I0548|I0550|I0553,2024-06-11 07:46:51
ORD01400,U0238,I0501|I0504|I0506,2024-01-08 16:16:55
ORD01401,U0130,I0591|I0578|I0580|I0585,2024-12-12 13:52:51
ORD01402,U0299,I0457|I0458|I0462,2024-01-28 08:21:06
ORD01403,U0127,I0622|I0610|I0618,2024-07-09 18:52:00
ORD01404,U0168,I0136|I0126|I0138,2024-01-11 19:48:33
ORD01405,U0051,I0137|I0125|I0132|I0133,2024-03-08 03:02:33
ORD01406,U0136,I0571|I0563|I0569,2024-07-15 20:28:23
ORD01407,U0179,I0206|I0214,2024-07-18 12:15:43
ORD01408,U0274,I0395|I0409,2024-01-07 10:19:33
ORD01409,U0121,I0392|I0383|I0394,2024-02-12 13:22:07
ORD01410,U0084,I0208|I0209|I0217,2024-10-29 08:36:31
ORD01411,U0086,I0595|I0603,2024-04-27 08:17:48
ORD01412,U0262,I0189|I0193|I0199,2024-06-10 23:05:38
ORD01413,U0108,I0606|I0596|I0604,2024-01-19 17:46:26
ORD01414,U0078,I0110|I0117|I0120,2024-06-27 12:48:26
ORD01415,U0072,I0048|I0053|I0057,2024-05-28 12:08:23
ORD01416,U0093,I0033|I0039|I0041,2024-10-07 12:47:32
ORD01417,U0271,I0454|I0466,2024-01-15 11:12:46
ORD01418,U0221,I0383|I0384,2024-09-13 08:41:20
ORD01419,U0155,I0531|I0534|I0537,2024-02-04 10:50:49
ORD01420,U0286,I0406|I0397|I0409,2024-08-11 18:08:46
ORD01421,U0077,I0611|I0615,2024-11-22 19:12:13
ORD01422,U0188,I0349|I0359,2024-10-12 18:51:39
ORD01423,U0110,I0589|I0579|I0594,2024-07-11 19:49:23
ORD01424,U0050,I0230|I0220,2024-04-16 08:59:28
ORD01425,U0184,I0561|I0565,2024-04-29 19:08:10
ORD01426,U0109,I0017|I0024,2024-10-29 08:09:32
ORD01427,U0247,I0061|I0052|I0057,2024-07-05 09:31:51
ORD01428,U0143,I0052|I0053|I0058,2024-10-06 18:05:00
ORD01429,U0221,I0432|I0441|I0450,2024-02-20 08:18:20
ORD01430,U0272,I0097|I0100,2024-11-17 20:40:12
ORD01431,U0004,I0221|I0227,2024-04-06 06:01:55
ORD01432,U0186,I0408|I0398,2024-05-23 13:50:06
ORD01433,U0158,I0628|I0632|I0635,2024-04-20 13:11:56
ORD01434,U0127,I0261|I0251|I0259,2024-06-28 13:07:00
ORD01435,U0023,I0559|I0566|I0567,2024-01-16 09:51:36
ORD01436,U0212,I0562|I0565|I0568,2024-10-23 21:31:57
ORD01437,U0083,I0446|I0436|I0443,2024-11-11 18:23:18
ORD01438,U0230,I0095|I0102|I0103,2024-05-13 18:29:21
ORD01439,U0044,I0201|I0191|I0197,2024-04-05 05:45:28
ORD01440,U0118,I0333|I0340|I0343,2024-07-25 22:31:40
ORD01441,U0154,I0200|I0188|I0194|I0197,2024-01-07 16:11:20
ORD01442,U0179,I0546|I0550|I0558,2024-09-30 13:16:07
ORD01443,U0255,I0021|I0022|I0026,2024-03-18 23:51:10
ORD01444,U0103,I0622|I0612|I0619,2024-12-11 12:52:47
ORD01445,U0077,I0079|I0085,2024-11-18 08:54:13
ORD01446,U0244,I0019|I0023|I0026,2024-06-14 07:21:23
ORD01447,U0013,I0075|I0067|I0071|I0073,2024-09-15 13:58:14
ORD01448,U0130,I0035|I0040|I0041,2024-07-30 19:35:36
ORD01449,U0035,I0590|I0578|I0580|I0586,2024-04-06 18:45:21
ORD01450,U0034,I0329|I0319|I0322|I0328,2024-04-25 17:38:07
ORD01451,U0255,I0408|I0398|I0402|I0403,2024-09-08 06:29:55
ORD01452,U0225,I0122|I0114|I0117|I0120,2024-04-23 07:58:44
ORD01453,U0196,I0098|I0101|I0103,2024-07-07 13:17:37
ORD01454,U0128,I0221|I0225|I0232,2024-03-22 18:32:38
ORD01455,U0149,I0606|I0599|I0609,2024-11-09 01:45:36
ORD01456,U0136,I0157|I0161|I0170,2024-06-30 05:29:28
ORD01457,U0277,I0159|I0161|I0165,2024-09-13 18:01:30
ORD01458,U0133,I0099|I0100|I0108,2024-05-23 18:48:34
ORD01459,U0293,I0526|I0514|I0527,2024-02-02 22:01:01
ORD01460,U0276,I0526|I0517|I0527,2024-11-12 19:04:21
ORD01461,U0280,I0397|I0402|I0409,2024-03-03 19:28:04
ORD01462,U0183,I0540|I0533|I0538,2024-07-15 12:59:56
ORD01463,U0006,I0544|I0550|I0554,2024-01-19 13:20:56
ORD01464,U0243,I0091|I0080|I0087|I0090,2024-02-03 11:25:02
ORD01465,U0047,I0083|I0094,2024-09-18 19:17:31
ORD01466,U0085,I0614|I0620,2024-02-28 13:48:28
ORD01467,U0201,I0607|I0595,2024-04-13 04:22:25
ORD01468,U0118,I0110|I0117,2024-06-13 07:27:06
ORD01469,U0023,I0499|I0503|I0512,2024-04-20 18:51:00
ORD01470,U0284,I0562|I0565|I0567,2024-10-29 21:37:32
ORD01471,U0204,I0172|I0180,2024-09-29 17:53:01
ORD01472,U0193,I0392|I0381|I0389,2024-06-15 02:28:34
ORD01473,U0262,I0305|I0307|I0310,2024-08-05 12:24:37
ORD01474,U0073,I0158|I0162|I0164|I0166,2024-07-29 15:00:54
ORD01475,U0258,I0589|I0576,2024-07-26 12:44:20
ORD01476,U0257,I0231|I0220|I0233,2024-06-02 13:48:26
ORD01477,U0270,I0464|I0456|I0466,2024-08-30 19:05:32
ORD01478,U0154,I0064|I0071|I0074,2024-04-06 12:48:07
ORD01479,U0084,I0204|I0212,2024-03-23 13:26:29
ORD01480,U0001,I0334|I0338|I0343,2024-05-04 15:06:52
ORD01481,U0206,I0345|I0334|I0340|I0343,2024-10-18 11:09:51
ORD01482,U0135,I0122|I0112|I0123,2024-12-05 08:18:25
ORD01483,U0141,I0029|I0020|I0022|I0026,2024-10-20 18:57:13
ORD01484,U0034,I0531|I0536|I0539,2024-08-10 19:40:00
ORD01485,U0022,I0555|I0547|I0553,2024-11-19 15:06:45
ORD01486,U0140,I0092|I0083|I0088,2024-11-01 09:20:08
ORD01487,U0095,I0407|I0399|I0410,2024-08-27 18:39:59
ORD01488,U0128,I0599|I0602,2024-06-20 11:32:41
ORD01489,U0196,I0574|I0582,2024-05-12 16:20:09
ORD01490,U0026,I0111|I0117|I0120,2024-09-20 08:54:49
ORD01491,U0245,I0367|I0371|I0372,2024-05-16 07:30:24
ORD01492,U0041,I0432|I0443,2024-11-19 16:48:10
ORD01493,U0285,I0397|I0400|I0404,2024-10-02 17:06:58
ORD01494,U0264,I0597|I0602,2024-01-22 12:00:58
ORD01495,U0026,I0030|I0021|I0032,2024-11-09 08:33:30
ORD01496,U0298,I0252|I0256|I0259,2024-09-22 20:50:26
ORD01497,U0286,I0638|I0628|I0634,2024-05-06 19:16:27
ORD01498,U0083,I0014|I0003|I0009|I0011,2024-07-09 19:21:14
ORD01499,U0276,I0029|I0019|I0031,2024-03-15 19:51:58
ORD01500,U0015,I0434|I0440|I0444,2024-12-06 12:08:45
ORD01501,U0095,I0413|I0417,2024-02-12 12:21:56
ORD01502,U0178,I0219|I0233,2024-03-03 20:07:12
ORD01503,U0090,I0143|I0146,2024-12-08 13:42:59
ORD01504,U0243,I0314|I0306|I0310,2024-05-31 02:05:04
ORD01505,U0091,I0265|I0276,2024-05-24 21:54:16
ORD01506,U0258,I0262|I0250|I0258,2024-10-22 21:34:28
ORD01507,U0008,I0107|I0098|I0105,2024-07-11 23:08:34
ORD01508,U0101,I0083|I0086|I0089,2024-12-27 19:00:15
ORD01509,U0140,I0456|I0459|I0461,2024-09-05 19:04:40
ORD01510,U0076,I0110|I0123,2024-07-24 09:47:04
ORD01511,U0246,I0335|I0341|I0344,2024-01-19 13:22:56
ORD01512,U0087,I0368|I0369|I0370|I0372,2024-02-17 18:44:34
ORD01513,U0120,I0515|I0520,2024-11-05 19:17:40
ORD01514,U0025,I0036|I0042,2024-04-28 18:18:42
ORD01515,U0240,I0334|I0342,2024-02-13 08:12:26
ORD01516,U0079,I0457|I0460,2024-10-24 18:31:44
ORD01517,U0044,I0465|I0454|I0461,2024-09-15 11:41:14
ORD01518,U0086,I0499|I0505|I0508,2024-05-27 18:52:40
ORD01519,U0038,I0483|I0490,2024-07-29 06:54:47
ORD01520,U0035,I0621|I0610|I0616|I0619,2024-10-04 17:02:44
ORD01521,U0198,I0611|I0616|I0617|I0620,2024-07-14 19:17:05
ORD01522,U0118,I0335|I0338|I0347,2024-11-29 21:44:02
ORD01523,U0054,I0516|I0521|I0523,2024-07-15 10:57:58
ORD01524,U0035,I0433|I0440,2024-04-08 10:42:28
ORD01525,U0185,I0250|I0257,2024-03-22 19:56:16
ORD01526,U0186,I0075|I0067|I0074,2024-10-31 15:00:10
ORD01527,U0165,I0245|I0235|I0249,2024-07-14 14:16:27
ORD01528,U0276,I0392|I0383|I0385|I0389,2024-07-23 14:09:45
ORD01529,U0032,I0304|I0308|I0309|I0312,2024-02-21 20:06:15
ORD01530,U0141,I0455|I0462,2024-03-31 03:05:03
ORD01531,U0277,I0380|I0388,2024-02-21 21:53:15
ORD01532,U0286,I0230|I0223|I0232,2024-04-02 16:06:39
ORD01533,U0078,I0114|I0116|I0115|I0119,2024-12-23 19:56:40
ORD01534,U0291,I0208|I0211|I0209|I0214,2024-08-12 15:13:26
ORD01535,U0086,I0140|I0145|I0148,2024-03-30 08:00:11
ORD01536,U0009,I0067|I0073,2024-06-17 12:02:54
ORD01537,U0016,I0517|I0521|I0528,2024-02-17 01:05:05
ORD01538,U0152,I0188|I0195,2024-01-24 21:15:45
ORD01539,U0284,I0287|I0300,2024-08-16 14:03:28
ORD01540,U0248,I0280|I0266|I0277,2024-04-30 12:37:53
ORD01541,U0162,I0096|I0102|I0103,2024-06-26 20:25:33
ORD01542,U0094,I0003|I0008,2024-10-15 16:28:14
ORD01543,U0039,I0333|I0341|I0343,2024-12-14 18:27:26
ORD01544,U0138,I0082|I0086|I0089,2024-12-02 07:05:15
ORD01545,U0116,I0289|I0293|I0295,2024-06-03 17:59:08
ORD01546,U0138,I0637|I0627|I0636,2024-10-22 08:26:34
ORD01547,U0281,I0189|I0196,2024-07-26 18:36:53
ORD01548,U0208,I0159|I0161,2024-07-24 09:27:32
ORD01549,U0286,I0570|I0562|I0569,2024-09-21 18:31:44
ORD01550,U0038,I0368|I0370|I0372,2024-05-20 13:04:15
ORD01551,U0292,I0468|I0475|I0481,2024-02-19 02:05:16
ORD01552,U0068,I0434|I0441|I0452,2024-07-21 16:53:29
ORD01553,U0096,I0379|I0386|I0387,2024-10-22 21:57:21
ORD01554,U0293,I0364|I0378,2024-05-20 12:20:32
ORD01555,U0061,I0480|I0468|I0478,2024-10-17 08:18:45
ORD01556,U0198,I0610|I0615|I0620,2024-09-18 19:41:29
ORD01557,U0283,I0144|I0147,2024-08-17 12:08:46
ORD01558,U0224,I0266|I0275|I0277,2024-05-09 14:04:53
ORD01559,U0231,I0061|I0050|I0055|I0057,2024-02-10 19:22:07
ORD01560,U0151,I0375|I0366|I0373,2024-10-29 14:00:16
ORD01561,U0296,I0142|I0146|I0148,2024-10-02 16:46:15
ORD01562,U0026,I0075|I0066|I0078,2024-04-16 21:29:05
ORD01563,U0088,I0216|I0207|I0209|I0214,2024-03-04 21:39:02
ORD01564,U0168,I0265|I0274|I0278,2024-09-10 21:52:40
ORD01565,U0265,I0174|I0180|I0181,2024-02-04 08:26:40
ORD01566,U0038,I0392|I0381,2024-01-03 13:03:34
ORD01567,U0180,I0570|I0559|I0572,2024-08-11 12:00:55
ORD01568,U0092,I0468|I0475|I0481,2024-05-02 08:05:28
ORD01569,U0023,I0367|I0369|I0374,2024-02-22 08:02:35
ORD01570,U0237,I0076|I0064|I0069|I0073,2024-04-09 21:53:38
ORD01571,U0045,I0526|I0517|I0528,2024-09-28 11:51:04
ORD01572,U0073,I0591|I0578|I0587,2024-08-10 09:54:59
ORD01573,U0212,I0351|I0355|I0358,2024-10-24 07:53:16
ORD01574,U0046,I0637|I0628|I0631|I0635,2024-11-10 15:13:43
ORD01575,U0037,I0033|I0038,2024-05-16 19:42:01
ORD01576,U0207,I0219|I0228,2024-12-12 11:56:17
ORD01577,U0185,I0454|I0459,2024-12-04 21:26:12
ORD01578,U0272,I0061|I0052|I0058,2024-01-16 18:28:24
ORD01579,U0100,I0607|I0597|I0605,2024-07-14 08:19:24
ORD01580,U0091,I0330|I0319|I0325|I0326,2024-07-28 04:21:19
ORD01581,U0028,I0465|I0453|I0459|I0462,2024-06-23 17:22:58
ORD01582,U0041,I0375|I0365,2024-08-07 08:52:00
ORD01583,U0005,I0612|I0616|I0618,2024-01-17 13:44:36
ORD01584,U0159,I0021|I0025,2024-12-11 09:05:04
ORD01585,U0052,I0480|I0468|I0475|I0478,2024-01-08 08:51:35
ORD01586,U0152,I0453|I0463,2024-09-29 08:40:45
ORD01587,U0013,I0397|I0403,2024-05-02 19:59:48
ORD01588,U0138,I0079|I0088,2024-09-15 08:28:55
ORD01589,U0161,I0574|I0580,2024-03-02 20:48:55
ORD01590,U0026,I0081|I0085,2024-12-01 18:11:57
ORD01591,U0178,I0599|I0601,2024-01-13 13:02:27
ORD01592,U0253,I0106|I0096|I0101|I0105,2024-08-01 05:22:40
ORD01593,U0188,I0017|I0031,2024-01-04 23:18:21
ORD01594,U0111,I0313|I0303|I0309|I0312,2024-02-16 00:22:47
ORD01595,U0065,I0036|I0038|I0047,2024-01-26 06:19:23
ORD01596,U0049,I0221|I0226|I0226|I0227,2024-07-30 12:48:02
ORD01597,U0125,I0366|I0372,2024-01-18 12:04:52
ORD01598,U0018,I0061|I0052|I0059,2024-01-06 17:25:05
ORD01599,U0293,I0446|I0432,2024-07-31 12:28:33
ORD01600,U0245,I0251|I0256|I0260,2024-04-13 18:08:28
ORD01601,U0112,I0201|I0190|I0203,2024-11-30 09:00:43
ORD01602,U0202,I0509|I0500|I0507,2024-01-04 09:40:51
ORD01603,U0179,I0002|I0009|I0011,2024-04-09 08:25:25
ORD01604,U0095,I0290|I0293|I0295,2024-08-14 06:11:09
ORD01605,U0294,I0141|I0146|I0149,2024-11-28 07:00:18
ORD01606,U0017,I0577|I0580|I0586,2024-04-04 00:48:14
ORD01607,U0277,I0563|I0573,2024-04-04 01:56:52
ORD01608,U0060,I0082|I0085,2024-11-04 08:59:23
ORD01609,U0004,I0288|I0294|I0301,2024-10-19 20:36:57
ORD01610,U0285,I0555|I0544|I0552,2024-08-18 18:49:00
ORD01611,U0217,I0302|I0307|I0310,2024-06-11 18:56:40
ORD01612,U0092,I0002|I0009|I0016,2024-05-17 14:04:18
ORD01613,U0131,I0468|I0475|I0475|I0476,2024-01-01 21:07:41
ORD01614,U0047,I0350|I0356|I0362,2024-03-11 08:44:48
ORD01615,U0087,I0106|I0095|I0109,2024-12-18 21:50:40
ORD01616,U0064,I0541|I0529|I0543,2024-08-07 07:06:47
ORD01617,U0058,I0526|I0515|I0524,2024-08-01 07:37:27
ORD01618,U0161,I0579|I0586,2024-03-06 18:06:15
ORD01619,U0196,I0570|I0561|I0567,2024-07-04 15:51:31
ORD01620,U0111,I0076|I0068|I0072,2024-07-16 21:30:10
ORD01621,U0089,I0515|I0518,2024-09-12 07:32:25
ORD01622,U0071,I0159|I0165,2024-01-01 05:35:48
ORD01623,U0110,I0626|I0631,2024-02-22 18:09:37
ORD01624,U0031,I0252|I0256|I0259,2024-09-11 09:08:32
ORD01625,U0269,I0112|I0117|I0120,2024-10-02 08:00:52
ORD01626,U0065,I0002|I0006|I0011,2024-12-29 18:09:53
ORD01627,U0113,I0128|I0131|I0134,2024-11-26 21:44:30
ORD01628,U0053,I0235|I0239,2024-12-14 19:08:51
ORD01629,U0258,I0091|I0082|I0089,2024-06-02 08:43:09
ORD01630,U0030,I0353|I0357,2024-12-29 19:29:29
ORD01631,U0236,I0353|I0354,2024-08-25 15:08:49
ORD01632,U0037,I0021|I0025,2024-06-10 18:52:12
ORD01633,U0038,I0487|I0488,2024-11-30 21:37:44
ORD01634,U0272,I0204|I0210|I0212,2024-11-23 22:34:39
ORD01635,U0142,I0076|I0065|I0077,2024-08-08 07:55:54
ORD01636,U0104,I0121|I0114|I0118,2024-05-22 12:56:09
ORD01637,U0189,I0414|I0420|I0429,2024-05-28 09:25:14
ORD01638,U0079,I0092|I0081|I0094,2024-01-24 11:18:02
ORD01639,U0131,I0305|I0311,2024-06-01 22:43:45
ORD01640,U0157,I0621|I0614|I0616|I0619,2024-01-04 11:38:45
ORD01641,U0193,I0168|I0157|I0166,2024-02-22 13:53:54
ORD01642,U0061,I0080|I0086,2024-03-25 19:42:13
ORD01643,U0071,I0346|I0335,2024-09-18 08:43:55
ORD01644,U0264,I0525|I0517|I0528,2024-08-18 21:39:10
ORD01645,U0051,I0626|I0639,2024-10-08 11:52:36
ORD01646,U0044,I0622|I0612|I0623,2024-03-19 15:51:43
ORD01647,U0123,I0127|I0134,2024-03-13 20:42:16
ORD01648,U0030,I0375|I0365|I0373,2024-03-19 21:02:12
ORD01649,U0124,I0066|I0071|I0074,2024-07-12 12:23:15
ORD01650,U0137,I0367|I0371|I0378,2024-07-12 12:29:15
ORD01651,U0206,I0597|I0605,2024-10-26 21:58:17
ORD01652,U0172,I0189|I0196,2024-05-23 16:54:59
ORD01653,U0139,I0399|I0402,2024-05-28 22:04:59
ORD01654,U0221,I0205|I0217,2024-03-09 12:23:06
ORD01655,U0012,I0544|I0554,2024-05-08 21:59:27
ORD01656,U0157,I0515|I0519|I0523,2024-08-19 08:50:20
ORD01657,U0191,I0576|I0583,2024-03-11 07:59:20
ORD01658,U0123,I0014|I0002|I0010,2024-05-22 19:37:29
ORD01659,U0061,I0265|I0273|I0276,2024-09-16 22:41:42
ORD01660,U0279,I0596|I0601|I0603,2024-04-26 19:56:57
ORD01661,U0159,I0204|I0213,2024-08-08 12:42:36
ORD01662,U0235,I0219|I0224|I0229,2024-09-07 18:07:57
ORD01663,U0254,I0540|I0530|I0534|I0537,2024-05-23 18:28:01
ORD01664,U0048,I0560|I0564,2024-05-20 19:42:26
ORD01665,U0144,I0185|I0174|I0182,2024-11-23 18:56:09
ORD01666,U0256,I0049|I0054|I0059,2024-12-28 19:01:47
ORD01667,U0271,I0426|I0412|I0420|I0423,2024-06-24 08:27:08
ORD01668,U0205,I0329|I0320|I0326,2024-02-13 10:03:24
ORD01669,U0024,I0361|I0353|I0354|I0357,2024-12-26 21:20:37
ORD01670,U0266,I0034|I0039|I0043,2024-03-10 18:04:15
ORD01671,U0159,I0173|I0177,2024-06-14 02:19:34
ORD01672,U0117,I0574|I0585,2024-10-23 12:51:13
ORD01673,U0045,I0498|I0503|I0503|I0506,2024-05-26 17:22:35
ORD01674,U0079,I0540|I0529|I0536|I0539,2024-03-13 16:40:06
ORD01675,U0249,I0236|I0241,2024-05-16 19:55:51
ORD01676,U0110,I0235|I0241|I0244,2024-10-26 19:14:56
ORD01677,U0098,I0540|I0529|I0543,2024-05-21 20:44:35
ORD01678,U0114,I0350|I0355|I0358,2024-02-03 14:02:06
ORD01679,U0241,I0395|I0402|I0404,2024-01-18 14:24:56
ORD01680,U0255,I0121|I0111|I0116|I0118,2024-02-08 01:07:25
ORD01681,U0080,I0399|I0400|I0405,2024-09-20 15:11:57
ORD01682,U0046,I0501|I0508,2024-10-22 10:55:20
ORD01683,U0133,I0407|I0398|I0404,2024-02-20 08:13:00
ORD01684,U0079,I0153|I0144,2024-01-07 17:48:04
ORD01685,U0150,I0252|I0257|I0257|I0260,2024-08-07 08:52:15
ORD01686,U0095,I0174|I0182,2024-01-23 12:52:08
ORD01687,U0173,I0204|I0210,2024-04-04 19:40:11
ORD01688,U0246,I0234|I0241|I0242,2024-04-15 12:50:08
ORD01689,U0252,I0266|I0271|I0277,2024-09-16 11:54:15
ORD01690,U0287,I0314|I0303|I0307|I0312,2024-01-28 09:24:17
ORD01691,U0090,I0399|I0404,2024-09-14 12:36:02
ORD01692,U0243,I0366|I0371,2024-04-17 19:02:05
ORD01693,U0186,I0317|I0323,2024-12-29 17:04:17
ORD01694,U0189,I0092|I0079|I0088,2024-08-07 19:43:46
ORD01695,U0176,I0345|I0337|I0344,2024-02-05 16:24:04
ORD01696,U0109,I0599|I0601,2024-05-18 19:03:48
ORD01697,U0245,I0013|I0003|I0007|I0011,2024-03-02 18:04:22
ORD01698,U0255,I0095|I0100|I0104,2024-01-29 21:36:38
ORD01699,U0125,I0436|I0451,2024-06-28 14:41:42
ORD01700,U0233,I0399|I0401|I0403,2024-01-29 08:31:55
ORD01701,U0248,I0223|I0224|I0227,2024-06-19 18:43:58
ORD01702,U0015,I0480|I0472,2024-06-12 12:53:26
ORD01703,U0107,I0579|I0594,2024-04-29 08:38:14
ORD01704,U0047,I0380|I0384,2024-07-18 18:50:31
ORD01705,U0297,I0333|I0339|I0342,2024-03-02 07:04:44
ORD01706,U0181,I0029|I0020|I0023|I0026,2024-08-06 17:51:59
ORD01707,U0146,I0483|I0488|I0491,2024-06-12 22:29:42
ORD01708,U0203,I0305|I0308,2024-06-04 11:28:11
ORD01709,U0231,I0302|I0308|I0315,2024-05-29 20:27:58
ORD01710,U0018,I0250|I0255|I0264,2024-04-04 12:44:17
ORD01711,U0113,I0487|I0490|I0492,2024-04-15 16:39:54
ORD01712,U0096,I0479|I0472|I0478,2024-05-19 08:44:20
ORD01713,U0195,I0219|I0226,2024-05-24 16:46:50
ORD01714,U0005,I0172|I0178,2024-07-24 08:26:18
ORD01715,U0106,I0432|I0440,2024-08-26 10:33:16
ORD01716,U0287,I0591|I0576|I0582|I0586,2024-09-12 13:19:46
ORD01717,U0170,I0252|I0257|I0263,2024-04-29 18:50:48
ORD01718,U0038,I0314|I0306|I0315,2024-10-19 17:53:46
ORD01719,U0133,I0281|I0266|I0285,2024-12-08 10:26:47
ORD01720,U0136,I0030|I0021|I0025,2024-02-26 09:37:21
ORD01721,U0169,I0526|I0514|I0524,2024-09-16 19:41:18
ORD01722,U0268,I0597|I0600|I0608,2024-03-02 07:00:30
ORD01723,U0293,I0454|I0458|I0462,2024-10-22 04:20:24
ORD01724,U0155,I0531|I0536,2024-10-02 19:23:58
ORD01725,U0173,I0494|I0484|I0488|I0491,2024-01-04 04:17:14
ORD01726,U0291,I0435|I0438|I0450,2024-10-07 17:36:49
ORD01727,U0028,I0019|I0022|I0025,2024-10-29 07:46:13
ORD01728,U0237,I0335|I0341|I0347,2024-05-08 16:40:31
ORD01729,U0242,I0014|I0001|I0015,2024-01-27 10:23:59
ORD01730,U0283,I0304|I0308|I0311,2024-03-26 07:14:48
ORD01731,U0278,I0560|I0565,2024-12-11 08:53:13
ORD01732,U0209,I0157|I0170,2024-11-29 09:19:32
ORD01733,U0235,I0289|I0292|I0297,2024-02-11 01:14:44
ORD01734,U0231,I0607|I0599|I0603,2024-01-13 15:57:07
ORD01735,U0161,I0152|I0143|I0154,2024-02-29 20:41:33
ORD01736,U0046,I0510|I0498|I0507,2024-04-12 08:02:37
ORD01737,U0155,I0204|I0209|I0217,2024-07-27 19:53:56
ORD01738,U0188,I0052|I0055|I0058,2024-05-31 12:28:29
ORD01739,U0173,I0157|I0162|I0167,2024-11-04 09:08:59
ORD01740,U0009,I0129|I0130,2024-03-24 09:00:00
ORD01741,U0118,I0019|I0023|I0026,2024-06-20 06:44:05
ORD01742,U0063,I0448|I0432|I0441|I0444,2024-02-25 19:39:03
ORD01743,U0178,I0317|I0323|I0327,2024-09-06 12:03:22
ORD01744,U0041,I0176|I0187,2024-11-12 13:15:28
ORD01745,U0015,I0205|I0209,2024-02-19 15:29:45
ORD01746,U0035,I0606|I0595|I0601|I0605,2024-03-04 22:42:57
ORD01747,U0068,I0288|I0291|I0296,2024-11-12 20:26:06
ORD01748,U0133,I0555|I0547|I0554,2024-09-04 18:20:49
ORD01749,U0134,I0415|I0418|I0423,2024-01-20 12:40:59
ORD01750,U0278,I0231|I0220|I0229,2024-07-01 17:21:48
ORD01751,U0259,I0066|I0071|I0072,2024-11-07 22:50:29
ORD01752,U0176,I0383|I0385,2024-10-03 10:32:15
ORD01753,U0076,I0247|I0235|I0243,2024-08-10 19:04:26
ORD01754,U0096,I0095|I0100|I0103,2024-07-25 13:32:39
ORD01755,U0022,I0238|I0243,2024-11-09 21:39:36
ORD01756,U0026,I0075|I0067|I0073,2024-09-26 03:40:22
ORD01757,U0116,I0610|I0617|I0620,2024-08-27 09:22:30
ORD01758,U0092,I0610|I0616,2024-02-09 08:09:46
ORD01759,U0253,I0380|I0387,2024-08-04 13:10:05
ORD01760,U0011,I0365|I0369|I0377,2024-05-25 08:43:45
ORD01761,U0165,I0262|I0251|I0263,2024-10-14 18:44:11
ORD01762,U0277,I0190|I0195|I0198,2024-06-20 20:53:07
ORD01763,U0010,I0314|I0306|I0312,2024-08-13 21:00:21
ORD01764,U0139,I0469|I0473|I0477,2024-08-26 18:49:36
ORD01765,U0260,I0351|I0354|I0359,2024-06-23 14:39:50
ORD01766,U0094,I0408|I0396|I0403,2024-12-06 16:20:25
ORD01767,U0213,I0222|I0225,2024-07-03 11:10:27
ORD01768,U0082,I0360|I0352|I0362,2024-12-10 12:34:42
ORD01769,U0043,I0151|I0140|I0147|I0149,2024-08-10 18:10:38
ORD01770,U0078,I0595|I0601,2024-12-24 20:59:06
ORD01771,U0211,I0208|I0210|I0213,2024-10-21 18:37:12
ORD01772,U0206,I0231|I0220|I0229,2024-06-07 08:39:47
ORD01773,U0152,I0175|I0177|I0182,2024-09-14 10:32:40
ORD01774,U0014,I0560|I0564,2024-10-08 07:41:01
ORD01775,U0276,I0037|I0040|I0041,2024-09-30 20:04:38
ORD01776,U0043,I0172|I0178|I0186,2024-05-24 19:32:46
ORD01777,U0058,I0376|I0368|I0373,2024-07-27 14:25:56
ORD01778,U0153,I0005|I0006|I0012,2024-05-06 10:34:10
ORD01779,U0030,I0381|I0384,2024-11-21 20:00:19
ORD01780,U0022,I0383|I0385|I0388,2024-09-04 14:15:34
ORD01781,U0161,I0532|I0536,2024-06-05 10:55:48
ORD01782,U0205,I0313|I0306|I0308|I0312,2024-02-20 09:42:27
ORD01783,U0093,I0122|I0111|I0123,2024-01-30 08:01:02
ORD01784,U0157,I0065|I0071|I0073,2024-07-25 09:07:39
ORD01785,U0145,I0502|I0511,2024-02-04 13:39:16
ORD01786,U0229,I0152|I0144|I0147|I0150,2024-08-26 10:44:34
ORD01787,U0270,I0099|I0105,2024-03-18 07:35:44
ORD01788,U0011,I0051|I0056|I0058,2024-01-09 18:47:41
ORD01789,U0087,I0003|I0007|I0012,2024-03-03 15:12:56
ORD01790,U0279,I0395|I0400|I0404,2024-09-02 04:51:48
ORD01791,U0092,I0269|I0272|I0278,2024-10-02 00:22:11
ORD01792,U0284,I0160|I0170,2024-09-13 19:49:13
ORD01793,U0032,I0061|I0049|I0058,2024-10-20 13:15:04
ORD01794,U0117,I0173|I0180|I0186,2024-03-24 19:26:35
ORD01795,U0043,I0513|I0521,2024-03-09 12:06:06
ORD01796,U0127,I0446|I0432|I0450,2024-03-14 08:32:04
ORD01797,U0081,I0192|I0202,2024-02-08 18:54:20
ORD01798,U0261,I0220|I0225,2024-10-13 16:54:05
ORD01799,U0033,I0540|I0532|I0538,2024-07-10 12:41:14
ORD01800,U0023,I0448|I0436|I0439|I0443,2024-09-03 20:34:09
ORD01801,U0268,I0097|I0100|I0108,2024-08-29 08:38:23
ORD01802,U0228,I0415|I0417|I0423,2024-08-18 13:54:58
ORD01803,U0274,I0246|I0236|I0244,2024-07-12 08:43:10
ORD01804,U0009,I0143|I0149,2024-09-27 22:25:54
ORD01805,U0274,I0392|I0381|I0386|I0387,2024-02-23 12:13:46
ORD01806,U0158,I0637|I0627|I0635,2024-03-27 17:42:02
ORD01807,U0223,I0014|I0002|I0006|I0011,2024-04-14 17:09:56
ORD01808,U0211,I0448|I0432|I0451,2024-08-10 17:31:48
ORD01809,U0012,I0563|I0565|I0568,2024-09-23 18:16:55
ORD01810,U0287,I0353|I0358,2024-06-06 10:32:40
ORD01811,U0100,I0622|I0610|I0616|I0619,2024-04-04 10:29:39
ORD01812,U0266,I0337|I0338|I0343,2024-04-23 19:34:11
ORD01813,U0015,I0250|I0257,2024-03-05 18:32:59
ORD01814,U0202,I0002|I0006,2024-11-20 20:02:06
ORD01815,U0084,I0398|I0400|I0404,2024-06-04 10:38:19
ORD01816,U0032,I0018|I0023|I0032,2024-05-19 14:49:27
ORD01817,U0114,I0013|I0001|I0016,2024-07-06 11:52:26
ORD01818,U0277,I0563|I0566|I0568,2024-04-11 19:47:31
ORD01819,U0055,I0560|I0564,2024-02-28 21:28:51
ORD01820,U0190,I0002|I0006|I0012,2024-05-13 18:48:33
ORD01821,U0207,I0107|I0096|I0108,2024-12-19 22:22:51
ORD01822,U0199,I0288|I0292|I0296,2024-07-29 18:57:44
ORD01823,U0151,I0446|I0436|I0444,2024-12-20 18:01:00
ORD01824,U0061,I0541|I0529|I0537,2024-02-13 17:13:23
ORD01825,U0219,I0364|I0369|I0377,2024-04-15 21:19:33
ORD01826,U0130,I0136|I0128|I0139,2024-04-16 18:27:36
ORD01827,U0287,I0407|I0396|I0401|I0403,2024-05-26 08:49:44
ORD01828,U0065,I0112|I0117,2024-08-19 13:30:58
ORD01829,U0071,I0318|I0331,2024-12-30 20:07:42
ORD01830,U0005,I0335|I0341|I0342,2024-04-10 14:30:40
ORD01831,U0200,I0314|I0304|I0312,2024-03-27 16:20:40
ORD01832,U0088,I0096|I0102|I0108,2024-05-01 00:53:56
ORD01833,U0042,I0127|I0130,2024-02-09 08:53:09
ORD01834,U0029,I0004|I0010,2024-09-12 08:05:41
ORD01835,U0035,I0484|I0490|I0492,2024-07-11 08:49:16
ORD01836,U0139,I0555|I0548|I0558,2024-08-03 12:43:36
ORD01837,U0165,I0560|I0566,2024-09-16 11:43:31
ORD01838,U0178,I0127|I0133,2024-06-06 07:32:31
ORD01839,U0168,I0498|I0504,2024-01-26 05:58:06
ORD01840,U0027,I0529|I0535|I0543,2024-08-20 07:28:12
ORD01841,U0233,I0303|I0308,2024-09-05 09:49:59
ORD01842,U0073,I0314|I0302|I0311,2024-02-16 12:19:45
ORD01843,U0293,I0470|I0475|I0476,2024-01-15 12:31:30
ORD01844,U0262,I0545|I0549|I0554,2024-03-25 13:55:37
ORD01845,U0036,I0192|I0194|I0198,2024-12-29 03:30:46
ORD01846,U0260,I0548|I0549|I0558,2024-11-04 08:34:51
ORD01847,U0244,I0192|I0196|I0197,2024-05-02 18:20:03
ORD01848,U0093,I0122|I0113|I0119,2024-11-19 18:59:22
ORD01849,U0168,I0230|I0219|I0229,2024-08-07 20:22:17
ORD01850,U0218,I0485|I0489|I0492,2024-02-04 18:28:57
ORD01851,U0194,I0169|I0160|I0170,2024-04-30 09:52:35
ORD01852,U0203,I0137|I0128|I0139,2024-04-11 22:21:10
ORD01853,U0027,I0637|I0625|I0639,2024-01-19 14:35:56
ORD01854,U0175,I0483|I0490|I0491,2024-11-19 21:45:23
ORD01855,U0175,I0156|I0164|I0167,2024-07-21 10:18:09
ORD01856,U0088,I0290|I0293,2024-08-28 19:57:28
ORD01857,U0235,I0596|I0602,2024-12-19 20:52:53
ORD01858,U0252,I0346|I0337|I0347,2024-07-20 18:53:29
ORD01859,U0027,I0175|I0180|I0183,2024-07-28 17:57:08
ORD01860,U0038,I0129|I0130,2024-09-05 17:55:12
ORD01861,U0232,I0092|I0083|I0090,2024-04-26 21:16:00
ORD01862,U0169,I0106|I0098|I0101|I0103,2024-07-22 23:33:13
ORD01863,U0054,I0080|I0084|I0088,2024-07-24 14:48:13
ORD01864,U0223,I0544|I0551|I0552,2024-08-24 23:31:29
ORD01865,U0276,I0081|I0084,2024-12-10 19:47:25
ORD01866,U0294,I0159|I0164|I0170,2024-05-23 11:35:20
ORD01867,U0218,I0447|I0434|I0450,2024-08-31 19:20:21
ORD01868,U0259,I0556|I0544|I0551|I0553,2024-03-16 08:25:45
ORD01869,U0011,I0111|I0117|I0118,2024-01-05 09:54:48
ORD01870,U0273,I0128|I0131|I0138,2024-09-08 20:22:23
ORD01871,U0063,I0234|I0244,2024-01-23 18:20:47
ORD01872,U0274,I0095|I0100|I0109,2024-05-07 06:08:38
ORD01873,U0154,I0205|I0213,2024-01-28 21:59:12
ORD01874,U0272,I0501|I0503|I0507,2024-01-31 09:22:00
ORD01875,U0261,I0621|I0611|I0619,2024-04-03 19:03:07
ORD01876,U0004,I0346|I0333|I0343,2024-09-02 22:28:03
ORD01877,U0127,I0082|I0089,2024-04-02 16:36:05
ORD01878,U0096,I0349|I0354,2024-05-27 10:25:48
ORD01879,U0022,I0126|I0131|I0139,2024-03-11 13:54:01
ORD01880,U0082,I0556|I0547|I0557,2024-05-13 21:18:03
ORD01881,U0091,I0531|I0535|I0537,2024-11-13 18:26:38
ORD01882,U0040,I0037|I0040|I0047,2024-05-05 17:13:08
ORD01883,U0172,I0546|I0550|I0558,2024-01-17 22:07:31
ORD01884,U0020,I0192|I0197,2024-02-22 13:13:47
ORD01885,U0005,I0253|I0255|I0259,2024-02-22 21:32:41
ORD01886,U0053,I0262|I0253|I0263,2024-07-24 19:14:43
ORD01887,U0163,I0208|I0218,2024-08-11 19:26:31
ORD01888,U0254,I0399|I0402,2024-09-25 21:36:26
ORD01889,U0089,I0185|I0176|I0183,2024-06-25 19:55:59
ORD01890,U0164,I0350|I0355|I0359,2024-10-17 20:08:44
ORD01891,U0252,I0121|I0110|I0120,2024-06-13 19:35:34
ORD01892,U0062,I0107|I0095|I0100|I0104,2024-03-21 16:48:59
ORD01893,U0268,I0075|I0068|I0073,2024-06-21 18:22:23
ORD01894,U0263,I0220|I0228,2024-04-20 19:28:33
ORD01895,U0008,I0250|I0257|I0258,2024-08-29 21:22:44
ORD01896,U0099,I0526|I0513|I0519|I0524,2024-02-19 12:22:07
ORD01897,U0136,I0169|I0156,2024-09-11 20:55:18
ORD01898,U0120,I0092|I0082|I0094,2024-02-22 00:48:33
ORD01899,U0144,I0067|I0071|I0074,2024-11-21 18:06:40
ORD01900,U0290,I0206|I0209|I0214,2024-09-06 06:39:32
ORD01901,U0248,I0626|I0631,2024-10-18 10:29:30
ORD01902,U0015,I0599|I0604,2024-02-28 18:16:22
ORD01903,U0295,I0412|I0419|I0422,2024-07-11 20:50:17
ORD01904,U0074,I0174|I0178,2024-03-07 13:06:13
ORD01905,U0274,I0626|I0632|I0635,2024-07-23 13:44:18
ORD01906,U0196,I0204|I0209|I0214,2024-06-04 13:41:13
ORD01907,U0087,I0049|I0062,2024-01-13 16:49:28
ORD01908,U0122,I0398|I0402|I0409,2024-01-28 16:12:42
ORD01909,U0210,I0555|I0546|I0558,2024-07-03 17:01:27
ORD01910,U0031,I0106|I0097|I0105,2024-01-05 02:29:13
ORD01911,U0111,I0637|I0625|I0636,2024-06-24 08:05:53
ORD01912,U0056,I0216|I0208|I0212,2024-10-15 14:56:23
ORD01913,U0039,I0390|I0379|I0387,2024-11-08 19:20:34
ORD01914,U0144,I0428|I0411|I0421|I0422,2024-07-31 19:04:44
ORD01915,U0243,I0014|I0002|I0011,2024-01-21 23:09:32
ORD01916,U0116,I0303|I0307,2024-05-20 08:41:53
ORD01917,U0204,I0002|I0007|I0012,2024-04-14 19:09:46
ORD01918,U0009,I0598|I0601,2024-12-09 08:39:14
ORD01919,U0012,I0207|I0214,2024-08-30 12:06:30
ORD01920,U0116,I0136|I0128|I0135,2024-11-13 11:35:33
ORD01921,U0013,I0127|I0132,2024-05-19 16:22:50
ORD01922,U0058,I0379|I0384|I0389,2024-09-16 07:59:25
ORD01923,U0275,I0595|I0608,2024-11-08 13:56:17
ORD01924,U0208,I0290|I0296,2024-04-09 13:27:41
ORD01925,U0264,I0414|I0420|I0422,2024-12-18 00:33:05
ORD01926,U0138,I0313|I0306|I0312,2024-03-30 13:42:41
ORD01927,U0286,I0079|I0084|I0087|I0089,2024-08-28 20:08:38
ORD01928,U0044,I0432|I0441,2024-08-09 18:48:16
ORD01929,U0271,I0189|I0194,2024-11-01 12:14:24
ORD01930,U0143,I0547|I0550,2024-06-23 21:02:29
ORD01931,U0259,I0160|I0164|I0166,2024-04-16 13:09:27
ORD01932,U0005,I0157|I0162|I0167,2024-10-09 13:47:33
ORD01933,U0076,I0003|I0006,2024-12-07 09:13:15
ORD01934,U0002,I0052|I0056|I0057,2024-11-04 11:45:01
ORD01935,U0207,I0468|I0475|I0476,2024-01-02 14:36:18
ORD01936,U0291,I0079|I0087|I0088,2024-01-09 16:54:18
ORD01937,U0048,I0392|I0380|I0393,2024-02-23 18:12:13
ORD01938,U0234,I0599|I0605,2024-06-27 18:39:12
ORD01939,U0023,I0381|I0385|I0389,2024-11-23 21:54:21
ORD01940,U0281,I0448|I0435|I0443,2024-01-16 05:58:12
ORD01941,U0264,I0266|I0277,2024-02-16 20:46:36
ORD01942,U0126,I0453|I0460|I0461,2024-05-03 07:38:03
ORD01943,U0285,I0366|I0374,2024-02-24 19:51:37
ORD01944,U0159,I0141|I0147|I0146|I0150,2024-01-05 06:13:18
ORD01945,U0166,I0237|I0239,2024-06-22 12:36:25
ORD01946,U0129,I0299|I0289|I0301,2024-06-20 08:03:59
ORD01947,U0049,I0061|I0048|I0062,2024-10-01 19:58:56
ORD01948,U0047,I0514|I0519|I0524,2024-06-22 16:49:11
ORD01949,U0148,I0004|I0007|I0010,2024-07-25 12:56:44
ORD01950,U0036,I0500|I0503,2024-06-30 09:58:31
ORD01951,U0184,I0200|I0189|I0198,2024-06-25 01:18:48
ORD01952,U0045,I0168|I0160|I0171,2024-02-11 15:43:00
ORD01953,U0215,I0076|I0066|I0077,2024-04-21 18:57:21
ORD01954,U0204,I0110|I0116|I0123,2024-03-26 05:27:03
ORD01955,U0210,I0018|I0024|I0025,2024-07-21 08:05:22
ORD01956,U0016,I0080|I0088,2024-12-17 08:47:54
ORD01957,U0219,I0065|I0069,2024-09-11 21:34:28
ORD01958,U0192,I0014|I0004|I0011,2024-03-28 22:49:03
ORD01959,U0133,I0302|I0308,2024-09-11 08:09:45
ORD01960,U0226,I0416|I0419|I0420|I0422,2024-02-11 17:21:24
ORD01961,U0122,I0002|I0008,2024-07-10 20:16:36
ORD01962,U0121,I0361|I0349|I0363,2024-06-08 15:10:50
ORD01963,U0163,I0096|I0104,2024-09-16 22:25:30
ORD01964,U0232,I0014|I0004|I0011,2024-12-27 18:25:21
ORD01965,U0079,I0125|I0132,2024-12-07 13:26:58
ORD01966,U0280,I0465|I0457|I0462,2024-07-02 13:05:19
ORD01967,U0082,I0596|I0601|I0603,2024-01-15 12:59:57
ORD01968,U0056,I0517|I0521,2024-04-27 22:08:57
ORD01969,U0121,I0318|I0324|I0331,2024-04-29 18:56:15
ORD01970,U0194,I0559|I0564|I0567,2024-05-10 19:27:31
ORD01971,U0130,I0612|I0618,2024-05-18 10:50:34
ORD01972,U0089,I0030|I0019,2024-11-07 10:52:21
ORD01973,U0046,I0114|I0116|I0118,2024-07-31 15:33:54
ORD01974,U0076,I0471|I0473|I0477,2024-03-28 12:37:20
ORD01975,U0148,I0517|I0519|I0527,2024-07-24 14:37:28
ORD01976,U0215,I0547|I0550|I0553,2024-12-02 19:22:07
ORD01977,U0051,I0096|I0100|I0100|I0104,2024-04-30 08:47:58
ORD01978,U0143,I0091|I0080|I0084|I0088,2024-10-02 12:19:38
ORD01979,U0271,I0433|I0441|I0443,2024-02-09 18:41:33
ORD01980,U0259,I0379|I0384|I0387,2024-01-25 23:12:27
ORD01981,U0054,I0621|I0610|I0618,2024-11-09 10:00:47
ORD01982,U0108,I0305|I0315,2024-04-03 07:44:14
ORD01983,U0255,I0107|I0099|I0109,2024-01-18 19:06:11
ORD01984,U0199,I0152|I0144|I0145|I0150,2024-07-16 10:37:40
ORD01985,U0146,I0480|I0470|I0473|I0478,2024-02-16 06:28:29
ORD01986,U0175,I0220|I0226,2024-02-16 02:59:03
ORD01987,U0086,I0571|I0563|I0569,2024-01-02 13:49:42
ORD01988,U0240,I0621|I0613|I0615|I0619,2024-02-11 13:35:29
ORD01989,U0263,I0122|I0111|I0115|I0118,2024-09-19 16:48:46
ORD01990,U0197,I0261|I0254|I0258,2024-07-07 12:14:44
ORD01991,U0021,I0457|I0458|I0466,2024-03-11 19:35:59
ORD01992,U0008,I0561|I0565,2024-12-02 22:02:07
ORD01993,U0008,I0158|I0165,2024-11-06 19:13:04
ORD01994,U0203,I0172|I0180|I0183,2024-01-15 19:24:54
ORD01995,U0196,I0562|I0565,2024-06-03 18:01:27
ORD01996,U0200,I0455|I0461,2024-06-18 17:07:20
ORD01997,U0126,I0576|I0581|I0592,2024-05-04 05:07:50
ORD01998,U0209,I0314|I0302|I0307|I0311,2024-12-26 00:12:51
ORD01999,U0187,I0037|I0039|I0038|I0042,2024-11-25 09:47:57
ORD02000,U0058,I0637|I0629|I0634,2024-04-22 15:18:33
